-- phpMyAdmin SQL Dump
-- version 5.2.1
-- https://www.phpmyadmin.net/
--
-- Máy chủ: 127.0.0.1
-- Thời gian đã tạo: Th8 08, 2023 lúc 09:41 AM
-- Phiên bản máy phục vụ: 10.4.28-MariaDB
-- Phiên bản PHP: 8.2.4

SET SQL_MODE = "NO_AUTO_VALUE_ON_ZERO";
START TRANSACTION;
SET time_zone = "+00:00";


/*!40101 SET @OLD_CHARACTER_SET_CLIENT=@@CHARACTER_SET_CLIENT */;
/*!40101 SET @OLD_CHARACTER_SET_RESULTS=@@CHARACTER_SET_RESULTS */;
/*!40101 SET @OLD_COLLATION_CONNECTION=@@COLLATION_CONNECTION */;
/*!40101 SET NAMES utf8mb4 */;

--
-- Cơ sở dữ liệu: `swp_team4`
--

-- --------------------------------------------------------

--
-- Cấu trúc bảng cho bảng `order`
--

CREATE TABLE `order` (
  `id` int(11) NOT NULL,
  `createdAt` bigint(20) DEFAULT NULL,
  `createdBy` varchar(250) DEFAULT NULL,
  `deletedBy` varchar(250) DEFAULT NULL,
  `updatedBy` varchar(250) DEFAULT NULL,
  `updatedAt` bigint(20) DEFAULT NULL,
  `deletedAt` bigint(20) DEFAULT NULL,
  `isDelete` int(1) NOT NULL DEFAULT 0,
  `price` int(11) NOT NULL,
  `totalPrice` int(11) NOT NULL,
  `quantity` int(11) NOT NULL,
  `product` int(11) NOT NULL,
  `status` int(1) NOT NULL,
  `user` int(11) NOT NULL,
  `productLog` longtext NOT NULL,
  `storageLog` longtext NOT NULL
) ENGINE=InnoDB DEFAULT CHARSET=utf8mb4 COLLATE=utf8mb4_general_ci;

--
-- Đang đổ dữ liệu cho bảng `order`
--

INSERT INTO `order` (`id`, `createdAt`, `createdBy`, `deletedBy`, `updatedBy`, `updatedAt`, `deletedAt`, `isDelete`, `price`, `totalPrice`, `quantity`, `product`, `status`, `user`, `productLog`, `storageLog`) VALUES
(484, 202307252157, 'Admin1', NULL, NULL, NULL, NULL, 0, 20000, 20000, 1, 1, 1, 1, '{\"createdAt\":20230617212401,\"image\":\"vinaphone.jpg\",\"updatedBy\":\"1\",\"quantity\":5,\"createdBy\":\"admin1\",\"price\":20000,\"name\":\"VINA 20k\",\"description\":\"the dien thoat vinaphone tri gia 20.000 dong\",\"id\":1,\"category\":\"Vinaphone\"}', '[{\"product\":1,\"code\":\"230232322\",\"updatedBy\":null,\"isDelete\":0,\"deletedBy\":null,\"expiryDate\":203007221211,\"createdAt\":202307252152,\"deletedAt\":0,\"createdBy\":\"1\",\"id\":1418,\"seri\":\"25896312\",\"status\":1,\"updatedAt\":0}]'),
(485, 202307252158, 'Admin1', NULL, NULL, NULL, NULL, 0, 50000, 50000, 1, 2, 1, 1, '{\"createdAt\":20230617212437,\"image\":\"Viettel.png\",\"updatedBy\":\"1\",\"quantity\":5,\"createdBy\":null,\"price\":50000,\"name\":\"Viettel 50k\",\"description\":\"the dien thoat vittel tri gia 50.000 dong\",\"id\":2,\"category\":\"Viettel\"}', '[{\"product\":2,\"code\":\"230232322\",\"updatedBy\":null,\"isDelete\":0,\"deletedBy\":null,\"expiryDate\":203007221211,\"createdAt\":202307252152,\"deletedAt\":0,\"createdBy\":\"1\",\"id\":1413,\"seri\":\"25896312\",\"status\":1,\"updatedAt\":0}]'),
(486, 202307252158, 'Admin1', NULL, NULL, NULL, NULL, 0, 500000, 500000, 1, 24, 1, 1, '{\"createdAt\":20230617224802,\"image\":\"Viettel.png\",\"updatedBy\":\"1\",\"quantity\":5,\"createdBy\":null,\"price\":500000,\"name\":\"Viettel 500k\",\"description\":\"Thẻ cào điện thoại Viettel loại 500k\",\"id\":24,\"category\":\"Viettel\"}', '[{\"product\":24,\"code\":\"230232322\",\"updatedBy\":null,\"isDelete\":0,\"deletedBy\":null,\"expiryDate\":203007221211,\"createdAt\":202307252152,\"deletedAt\":0,\"createdBy\":\"1\",\"id\":1388,\"seri\":\"25896312\",\"status\":1,\"updatedAt\":0}]'),
(487, 202307252158, 'Admin1', NULL, NULL, NULL, NULL, 0, 10000, 10000, 1, 25, 1, 1, '{\"createdAt\":20230617225200,\"image\":\"vinaphone.jpg\",\"updatedBy\":\"1\",\"quantity\":5,\"createdBy\":null,\"price\":10000,\"name\":\"Vinaphone 10k\",\"description\":\"Thẻ cào điện thoại Vinaphone loại 10k\",\"id\":25,\"category\":\"Vinaphone\"}', '[{\"product\":25,\"code\":\"230232322\",\"updatedBy\":null,\"isDelete\":0,\"deletedBy\":null,\"expiryDate\":203007221211,\"createdAt\":202307252151,\"deletedAt\":0,\"createdBy\":\"1\",\"id\":1383,\"seri\":\"25896312\",\"status\":1,\"updatedAt\":0}]'),
(488, 202307252159, 'Admin1', NULL, NULL, NULL, NULL, 0, 20000, 20000, 1, 26, 1, 1, '{\"createdAt\":20230617225239,\"image\":\"vinaphone.jpg\",\"updatedBy\":\"1\",\"quantity\":5,\"createdBy\":null,\"price\":20000,\"name\":\"Vinaphone 20k\",\"description\":\"Thẻ cào điện thoại Vinaphone loại 20k\",\"id\":26,\"category\":\"Vinaphone\"}', '[{\"product\":26,\"code\":\"230232322\",\"updatedBy\":null,\"isDelete\":0,\"deletedBy\":null,\"expiryDate\":203007221211,\"createdAt\":202307252151,\"deletedAt\":0,\"createdBy\":\"1\",\"id\":1378,\"seri\":\"25896312\",\"status\":1,\"updatedAt\":0}]'),
(489, 202307252159, 'Admin1', NULL, NULL, NULL, NULL, 0, 50000, 50000, 1, 27, 1, 1, '{\"createdAt\":20230617225434,\"image\":\"vinaphone.jpg\",\"updatedBy\":\"1\",\"quantity\":5,\"createdBy\":null,\"price\":50000,\"name\":\"Vinaphone 50k\",\"description\":\"Thẻ cào điện thoại Vinaphone loại 50k\",\"id\":27,\"category\":\"Vinaphone\"}', '[{\"product\":27,\"code\":\"230232322\",\"updatedBy\":null,\"isDelete\":0,\"deletedBy\":null,\"expiryDate\":203007221211,\"createdAt\":202307252151,\"deletedAt\":0,\"createdBy\":\"1\",\"id\":1373,\"seri\":\"25896312\",\"status\":1,\"updatedAt\":0}]'),
(490, 202307260004, 'Admin1', NULL, NULL, NULL, NULL, 0, 20000, 20000, 1, 1, 1, 1, '{\"createdAt\":20230617212401,\"image\":\"vinaphone.jpg\",\"updatedBy\":\"1\",\"quantity\":4,\"createdBy\":\"admin1\",\"price\":20000,\"name\":\"VINA 20k\",\"description\":\"the dien thoat vinaphone tri gia 20.000 dong\",\"id\":1,\"category\":\"Vinaphone\"}', '[{\"product\":1,\"code\":\"230232323\",\"updatedBy\":null,\"isDelete\":0,\"deletedBy\":null,\"expiryDate\":203007221212,\"createdAt\":202307252152,\"deletedAt\":0,\"createdBy\":\"1\",\"id\":1419,\"seri\":\"25896322\",\"status\":1,\"updatedAt\":0}]'),
(491, 202307260005, 'Admin1', NULL, NULL, NULL, NULL, 0, 20000, 60000, 3, 1, 1, 1, '{\"createdAt\":20230617212401,\"image\":\"vinaphone.jpg\",\"updatedBy\":\"1\",\"quantity\":3,\"createdBy\":\"admin1\",\"price\":20000,\"name\":\"VINA 20k\",\"description\":\"the dien thoat vinaphone tri gia 20.000 dong\",\"id\":1,\"category\":\"Vinaphone\"}', '[{\"product\":1,\"code\":\"230232324\",\"updatedBy\":null,\"isDelete\":0,\"deletedBy\":null,\"expiryDate\":203007221213,\"createdAt\":202307252152,\"deletedAt\":0,\"createdBy\":\"1\",\"id\":1420,\"seri\":\"25896332\",\"status\":1,\"updatedAt\":0},{\"product\":1,\"code\":\"230232325\",\"updatedBy\":null,\"isDelete\":0,\"deletedBy\":null,\"expiryDate\":203007221214,\"createdAt\":202307252152,\"deletedAt\":0,\"createdBy\":\"1\",\"id\":1421,\"seri\":\"25896342\",\"status\":1,\"updatedAt\":0},{\"product\":1,\"code\":\"230232326\",\"updatedBy\":null,\"isDelete\":0,\"deletedBy\":null,\"expiryDate\":203007221215,\"createdAt\":202307252152,\"deletedAt\":0,\"createdBy\":\"1\",\"id\":1422,\"seri\":\"25896352\",\"status\":1,\"updatedAt\":0}]'),
(492, 202307260007, 'Admin1', NULL, NULL, NULL, NULL, 0, 50000, 200000, 4, 2, 1, 1, '{\"createdAt\":20230617212437,\"image\":\"Viettel.png\",\"updatedBy\":\"1\",\"quantity\":4,\"createdBy\":null,\"price\":50000,\"name\":\"Viettel 50k\",\"description\":\"the dien thoat vittel tri gia 50.000 dong\",\"id\":2,\"category\":\"Viettel\"}', '[{\"product\":2,\"code\":\"230232323\",\"updatedBy\":null,\"isDelete\":0,\"deletedBy\":null,\"expiryDate\":203007221212,\"createdAt\":202307252152,\"deletedAt\":0,\"createdBy\":\"1\",\"id\":1414,\"seri\":\"25896322\",\"status\":1,\"updatedAt\":0},{\"product\":2,\"code\":\"230232324\",\"updatedBy\":null,\"isDelete\":0,\"deletedBy\":null,\"expiryDate\":203007221213,\"createdAt\":202307252152,\"deletedAt\":0,\"createdBy\":\"1\",\"id\":1415,\"seri\":\"25896332\",\"status\":1,\"updatedAt\":0},{\"product\":2,\"code\":\"230232325\",\"updatedBy\":null,\"isDelete\":0,\"deletedBy\":null,\"expiryDate\":203007221214,\"createdAt\":202307252152,\"deletedAt\":0,\"createdBy\":\"1\",\"id\":1416,\"seri\":\"25896342\",\"status\":1,\"updatedAt\":0},{\"product\":2,\"code\":\"230232326\",\"updatedBy\":null,\"isDelete\":0,\"deletedBy\":null,\"expiryDate\":203007221215,\"createdAt\":202307252152,\"deletedAt\":0,\"createdBy\":\"1\",\"id\":1417,\"seri\":\"25896352\",\"status\":1,\"updatedAt\":0}]'),
(493, 202307260729, '2', NULL, NULL, NULL, NULL, 0, 200000, 800000, 4, 41, 1, 2, '{\"createdAt\":20230617233147,\"image\":\"vietnamobile.jpg\",\"updatedBy\":\"1\",\"quantity\":189,\"createdBy\":null,\"price\":200000,\"name\":\"Vietnamobile 200k\",\"description\":\"Thẻ cào điện thoại Vietnamobile loại 200k\",\"id\":41,\"category\":\"Vietnamobile\"}', '[{\"product\":41,\"code\":\"230232322\",\"updatedBy\":null,\"isDelete\":0,\"deletedBy\":null,\"expiryDate\":203007221211,\"createdAt\":202307252146,\"deletedAt\":0,\"createdBy\":\"1\",\"id\":960,\"seri\":\"2319837422\",\"status\":1,\"updatedAt\":0},{\"product\":41,\"code\":\"230232323\",\"updatedBy\":null,\"isDelete\":0,\"deletedBy\":null,\"expiryDate\":203007221212,\"createdAt\":202307252146,\"deletedAt\":0,\"createdBy\":\"1\",\"id\":961,\"seri\":\"2319837423\",\"status\":1,\"updatedAt\":0},{\"product\":41,\"code\":\"230232324\",\"updatedBy\":null,\"isDelete\":0,\"deletedBy\":null,\"expiryDate\":203007221213,\"createdAt\":202307252146,\"deletedAt\":0,\"createdBy\":\"1\",\"id\":962,\"seri\":\"2319837424\",\"status\":1,\"updatedAt\":0},{\"product\":41,\"code\":\"230232325\",\"updatedBy\":null,\"isDelete\":0,\"deletedBy\":null,\"expiryDate\":203007221214,\"createdAt\":202307252146,\"deletedAt\":0,\"createdBy\":\"1\",\"id\":963,\"seri\":\"2319837425\",\"status\":1,\"updatedAt\":0}]'),
(494, 202307260746, '39', NULL, NULL, NULL, NULL, 0, 10000, 140000, 14, 37, 1, 39, '{\"createdAt\":20230617232929,\"image\":\"vietnamobile.jpg\",\"updatedBy\":\"1\",\"quantity\":189,\"createdBy\":null,\"price\":10000,\"name\":\"Vietnamobile 10k\",\"description\":\"Thẻ cào điện thoại Vietnamobile loại 10k\",\"id\":37,\"category\":\"Vietnamobile\"}', '[{\"product\":37,\"code\":\"230232322\",\"updatedBy\":null,\"isDelete\":0,\"deletedBy\":null,\"expiryDate\":203007221211,\"createdAt\":202307252146,\"deletedAt\":0,\"createdBy\":\"1\",\"id\":771,\"seri\":\"2319837422\",\"status\":1,\"updatedAt\":0},{\"product\":37,\"code\":\"230232323\",\"updatedBy\":null,\"isDelete\":0,\"deletedBy\":null,\"expiryDate\":203007221212,\"createdAt\":202307252146,\"deletedAt\":0,\"createdBy\":\"1\",\"id\":772,\"seri\":\"2319837423\",\"status\":1,\"updatedAt\":0},{\"product\":37,\"code\":\"230232324\",\"updatedBy\":null,\"isDelete\":0,\"deletedBy\":null,\"expiryDate\":203007221213,\"createdAt\":202307252146,\"deletedAt\":0,\"createdBy\":\"1\",\"id\":773,\"seri\":\"2319837424\",\"status\":1,\"updatedAt\":0},{\"product\":37,\"code\":\"230232325\",\"updatedBy\":null,\"isDelete\":0,\"deletedBy\":null,\"expiryDate\":203007221214,\"createdAt\":202307252146,\"deletedAt\":0,\"createdBy\":\"1\",\"id\":774,\"seri\":\"2319837425\",\"status\":1,\"updatedAt\":0},{\"product\":37,\"code\":\"230232326\",\"updatedBy\":null,\"isDelete\":0,\"deletedBy\":null,\"expiryDate\":203007221215,\"createdAt\":202307252146,\"deletedAt\":0,\"createdBy\":\"1\",\"id\":775,\"seri\":\"2319837426\",\"status\":1,\"updatedAt\":0},{\"product\":37,\"code\":\"230232327\",\"updatedBy\":null,\"isDelete\":0,\"deletedBy\":null,\"expiryDate\":203007221216,\"createdAt\":202307252146,\"deletedAt\":0,\"createdBy\":\"1\",\"id\":776,\"seri\":\"2319837427\",\"status\":1,\"updatedAt\":0},{\"product\":37,\"code\":\"230232328\",\"updatedBy\":null,\"isDelete\":0,\"deletedBy\":null,\"expiryDate\":203007221217,\"createdAt\":202307252146,\"deletedAt\":0,\"createdBy\":\"1\",\"id\":777,\"seri\":\"2319837428\",\"status\":1,\"updatedAt\":0},{\"product\":37,\"code\":\"230232329\",\"updatedBy\":null,\"isDelete\":0,\"deletedBy\":null,\"expiryDate\":203007221218,\"createdAt\":202307252146,\"deletedAt\":0,\"createdBy\":\"1\",\"id\":778,\"seri\":\"2319837429\",\"status\":1,\"updatedAt\":0},{\"product\":37,\"code\":\"230232330\",\"updatedBy\":null,\"isDelete\":0,\"deletedBy\":null,\"expiryDate\":203007221219,\"createdAt\":202307252146,\"deletedAt\":0,\"createdBy\":\"1\",\"id\":779,\"seri\":\"2319837430\",\"status\":1,\"updatedAt\":0},{\"product\":37,\"code\":\"230232331\",\"updatedBy\":null,\"isDelete\":0,\"deletedBy\":null,\"expiryDate\":203007221220,\"createdAt\":202307252146,\"deletedAt\":0,\"createdBy\":\"1\",\"id\":780,\"seri\":\"2319837431\",\"status\":1,\"updatedAt\":0},{\"product\":37,\"code\":\"230232332\",\"updatedBy\":null,\"isDelete\":0,\"deletedBy\":null,\"expiryDate\":203007221221,\"createdAt\":202307252146,\"deletedAt\":0,\"createdBy\":\"1\",\"id\":781,\"seri\":\"2319837432\",\"status\":1,\"updatedAt\":0},{\"product\":37,\"code\":\"230232333\",\"updatedBy\":null,\"isDelete\":0,\"deletedBy\":null,\"expiryDate\":203007221222,\"createdAt\":202307252146,\"deletedAt\":0,\"createdBy\":\"1\",\"id\":782,\"seri\":\"2319837433\",\"status\":1,\"updatedAt\":0},{\"product\":37,\"code\":\"230232334\",\"updatedBy\":null,\"isDelete\":0,\"deletedBy\":null,\"expiryDate\":203007221223,\"createdAt\":202307252146,\"deletedAt\":0,\"createdBy\":\"1\",\"id\":783,\"seri\":\"2319837434\",\"status\":1,\"updatedAt\":0},{\"product\":37,\"code\":\"230232335\",\"updatedBy\":null,\"isDelete\":0,\"deletedBy\":null,\"expiryDate\":203007221224,\"createdAt\":202307252146,\"deletedAt\":0,\"createdBy\":\"1\",\"id\":784,\"seri\":\"2319837435\",\"status\":1,\"updatedAt\":0}]'),
(495, 202307261019, 'Admin1', NULL, NULL, NULL, NULL, 0, 20000, 40000, 2, 26, 1, 1, '{\"createdAt\":20230617225239,\"image\":\"vinaphone.jpg\",\"updatedBy\":\"1\",\"quantity\":4,\"createdBy\":null,\"price\":20000,\"name\":\"Vinaphone 20k\",\"description\":\"Thẻ cào điện thoại Vinaphone loại 20k\",\"id\":26,\"category\":\"Vinaphone\"}', '[{\"product\":26,\"code\":\"230232323\",\"updatedBy\":null,\"isDelete\":0,\"deletedBy\":null,\"expiryDate\":203007221212,\"createdAt\":202307252151,\"deletedAt\":0,\"createdBy\":\"1\",\"id\":1379,\"seri\":\"25896322\",\"status\":1,\"updatedAt\":0},{\"product\":26,\"code\":\"230232324\",\"updatedBy\":null,\"isDelete\":0,\"deletedBy\":null,\"expiryDate\":203007221213,\"createdAt\":202307252151,\"deletedAt\":0,\"createdBy\":\"1\",\"id\":1380,\"seri\":\"25896332\",\"status\":1,\"updatedAt\":0}]');

-- --------------------------------------------------------

--
-- Cấu trúc bảng cho bảng `product`
--

CREATE TABLE `product` (
  `id` int(11) NOT NULL,
  `isDelete` int(1) NOT NULL DEFAULT 0,
  `createdBy` varchar(250) DEFAULT NULL,
  `deletedBy` varchar(250) DEFAULT NULL,
  `updatedBy` varchar(250) DEFAULT NULL,
  `updatedAt` bigint(20) DEFAULT NULL,
  `price` int(11) NOT NULL,
  `createdAt` bigint(20) DEFAULT current_timestamp(),
  `deletedAt` bigint(20) DEFAULT NULL,
  `name` varchar(250) NOT NULL,
  `description` varchar(10000) NOT NULL,
  `image` varchar(250) NOT NULL,
  `isShow` int(1) NOT NULL DEFAULT 1,
  `quantity` int(11) NOT NULL,
  `category` varchar(250) NOT NULL
) ENGINE=InnoDB DEFAULT CHARSET=utf8mb4 COLLATE=utf8mb4_general_ci;

--
-- Đang đổ dữ liệu cho bảng `product`
--

INSERT INTO `product` (`id`, `isDelete`, `createdBy`, `deletedBy`, `updatedBy`, `updatedAt`, `price`, `createdAt`, `deletedAt`, `name`, `description`, `image`, `isShow`, `quantity`, `category`) VALUES
(1, 0, 'admin1', NULL, '1', 202307252156, 20000, 20230617212401, NULL, 'VINA 20k', 'the dien thoat vinaphone tri gia 20.000 dong', 'vinaphone.jpg', 0, 0, 'Vinaphone'),
(2, 0, NULL, NULL, '1', 202307252156, 50000, 20230617212437, NULL, 'Viettel 50k', 'the dien thoat vittel tri gia 50.000 dong', 'Viettel.png', 0, 0, 'Viettel'),
(3, 1, NULL, NULL, NULL, NULL, 10000, 20230617212455, NULL, 'the Viettel 10k', 'the dien thoat viettel tri gia 10.000 dong', 'Viettel.png', 0, 0, 'Viettel'),
(12, 0, NULL, NULL, NULL, NULL, 20000, 20230617224152, NULL, 'Thẻ G-mobile 20k', 'Thẻ cào điện thoại G-mobile loại 20k', 'G-mobile.jpg', 0, 0, 'G-mobile'),
(14, 0, NULL, NULL, NULL, NULL, 20000, 20230617224219, NULL, 'Viettel', 'Thẻ cào điện thoại Viettel loại 20k', 'Viettel.png', 0, 5, 'Viettel'),
(17, 0, NULL, NULL, NULL, NULL, 50000, 20230617224637, NULL, 'Viettel', 'Thẻ cào điện thoại Viettel loại 50k', 'Viettel.png', 0, 5, 'Viettel'),
(18, 0, NULL, NULL, NULL, NULL, 100000, 20230617224637, NULL, 'Viettel', 'Thẻ cào điện thoại Viettel loại 100k ', 'Viettel.png', 0, 5, 'Viettel'),
(22, 0, NULL, NULL, '1', 202307252155, 200000, 20230617224744, NULL, 'Viettel 200k', 'Thẻ cào điện thoại Viettel loại 200k', 'Viettel.png', 1, 5, 'Viettel'),
(24, 0, NULL, NULL, '1', 202307252155, 500000, 20230617224802, NULL, 'Viettel 500k', 'Thẻ cào điện thoại Viettel loại 500k', 'Viettel.png', 1, 4, 'Viettel'),
(25, 0, NULL, NULL, '1', 202307252155, 10000, 20230617225200, NULL, 'Vinaphone 10k', 'Thẻ cào điện thoại Vinaphone loại 10k', 'vinaphone.jpg', 1, 4, 'Vinaphone'),
(26, 0, NULL, NULL, '1', 202307252155, 20000, 20230617225239, NULL, 'Vinaphone 20k', 'Thẻ cào điện thoại Vinaphone loại 20k', 'vinaphone.jpg', 1, 2, 'Vinaphone'),
(27, 0, NULL, NULL, '1', 202307252155, 50000, 20230617225434, NULL, 'Vinaphone 50k', 'Thẻ cào điện thoại Vinaphone loại 50k', 'vinaphone.jpg', 1, 4, 'Vinaphone'),
(28, 0, NULL, NULL, '1', 202307252155, 100000, 20230617225456, NULL, 'Vinaphone 100k', 'Thẻ cào điện thoại Vinaphone loại 100k', 'vinaphone.jpg', 1, 5, 'Vinaphone'),
(29, 0, NULL, NULL, '1', 202307252155, 500000, 20230617225543, NULL, 'Vinaphone 500k', 'Thẻ cào điện thoại Vinaphone loại 500k', 'vinaphone.jpg', 1, 5, 'Vinaphone'),
(30, 0, NULL, NULL, '1', 202307252155, 200000, 20230617225619, NULL, 'Vinaphone 200k', 'Thẻ cào điện thoại Vinaphone loại 200k', 'vinaphone.jpg', 1, 5, 'Vinaphone'),
(31, 0, NULL, NULL, '1', 202307252154, 10000, 20230617225200, NULL, 'Mobifone 10k', 'Thẻ cào điện thoại Mobifone loại 10k', 'mobifone.png', 1, 5, 'Mobifone'),
(32, 0, NULL, NULL, '1', 202307252151, 20000, 20230617231313, NULL, 'Mobifone', 'Thẻ cào điện thoại Mobifone loại 20k', 'mobifone.png', 0, 0, 'Mobifone'),
(33, 0, NULL, NULL, '1', 202307252150, 50000, 20230617231336, NULL, 'Mobifone', 'Thẻ cào điện thoại Mobifone loại 50k', 'mobifone.png', 0, 0, 'Mobifone'),
(34, 0, NULL, NULL, '1', 202307252150, 100000, 20230617231503, NULL, 'Mobifone', 'Thẻ cào điện thoại Mobifone loại 100k', 'mobifone.png', 0, 0, 'Mobifone'),
(35, 0, NULL, NULL, '1', 202307252150, 200000, 20230617231833, NULL, 'Mobifone', 'Thẻ cào điện thoại Mobifone loại 200k', 'mobifone.png', 0, 0, 'Mobifone'),
(36, 0, NULL, NULL, '1', 202307252154, 500000, 20230617232007, NULL, 'Mobifone 500k', 'Thẻ cào điện thoại Mobifone loại 500k', 'mobifone.png', 1, 5, 'Mobifone'),
(37, 0, NULL, NULL, '1', 202307252154, 10000, 20230617232929, NULL, 'Vietnamobile 10k', 'Thẻ cào điện thoại Vietnamobile loại 10k', 'vietnamobile.jpg', 1, 175, 'Vietnamobile'),
(38, 0, NULL, NULL, '1', 202307252154, 20000, 20230617233027, NULL, 'Vietnamobile 20k', 'Thẻ cào điện thoại Vietnamobile loại 20k', 'vietnamobile.jpg', 1, 5, 'Vietnamobile'),
(39, 0, NULL, NULL, '1', 202307252154, 50000, 20230617233045, NULL, 'Vietnamobile 50k', 'Thẻ cào điện thoại Vietnamobile loại 50k', 'vietnamobile.jpg', 1, 189, 'Vietnamobile'),
(40, 0, NULL, NULL, '1', 202307252153, 100000, 20230617233104, NULL, 'Vietnamobile 100k', 'Thẻ cào điện thoại Vietnamobile loại 100k', 'vietnamobile.jpg', 1, 5, 'Vietnamobile'),
(41, 0, NULL, NULL, '1', 202307252153, 200000, 20230617233147, NULL, 'Vietnamobile 200k', 'Thẻ cào điện thoại Vietnamobile loại 200k', 'vietnamobile.jpg', 1, 185, 'Vietnamobile'),
(42, 0, NULL, NULL, '1', 202307252153, 500000, 20230617233147, NULL, 'Vietnamobile 500k', 'Thẻ cào điện thoại Vietnamobile loại 500k.', 'vietnamobile.jpg', 1, 5, 'Vietnamobile');

-- --------------------------------------------------------

--
-- Cấu trúc bảng cho bảng `storage`
--

CREATE TABLE `storage` (
  `id` int(11) NOT NULL,
  `seri` varchar(50) NOT NULL,
  `code` varchar(50) NOT NULL,
  `expiryDate` bigint(20) NOT NULL,
  `status` int(1) NOT NULL,
  `isDelete` int(1) NOT NULL DEFAULT 0,
  `createdBy` varchar(250) DEFAULT NULL,
  `createdAt` bigint(20) DEFAULT NULL,
  `updatedBy` varchar(250) DEFAULT NULL,
  `updatedAt` bigint(20) DEFAULT NULL,
  `deletedAt` bigint(20) DEFAULT NULL,
  `deletedBy` varchar(250) DEFAULT NULL,
  `product` int(11) NOT NULL
) ENGINE=InnoDB DEFAULT CHARSET=utf8mb4 COLLATE=utf8mb4_general_ci;

--
-- Đang đổ dữ liệu cho bảng `storage`
--

INSERT INTO `storage` (`id`, `seri`, `code`, `expiryDate`, `status`, `isDelete`, `createdBy`, `createdAt`, `updatedBy`, `updatedAt`, `deletedAt`, `deletedBy`, `product`) VALUES
(766, '1', '230232322', 203007221211, 1, 0, '1', 202307252145, NULL, NULL, NULL, NULL, 42),
(767, '2', '230232323', 203007221212, 1, 0, '1', 202307252145, NULL, NULL, NULL, NULL, 42),
(768, '3', '230232324', 203007221213, 1, 0, '1', 202307252145, NULL, NULL, NULL, NULL, 42),
(769, '4', '230232325', 203007221214, 1, 0, '1', 202307252145, NULL, NULL, NULL, NULL, 42),
(770, '5', '230232326', 203007221215, 1, 0, '1', 202307252145, NULL, NULL, NULL, NULL, 42),
(771, '2319837422', '230232322', 203007221211, 0, 0, '1', 202307252146, NULL, NULL, NULL, NULL, 37),
(772, '2319837423', '230232323', 203007221212, 0, 0, '1', 202307252146, NULL, NULL, NULL, NULL, 37),
(773, '2319837424', '230232324', 203007221213, 0, 0, '1', 202307252146, NULL, NULL, NULL, NULL, 37),
(774, '2319837425', '230232325', 203007221214, 0, 0, '1', 202307252146, NULL, NULL, NULL, NULL, 37),
(775, '2319837426', '230232326', 203007221215, 0, 0, '1', 202307252146, NULL, NULL, NULL, NULL, 37),
(776, '2319837427', '230232327', 203007221216, 0, 0, '1', 202307252146, NULL, NULL, NULL, NULL, 37),
(777, '2319837428', '230232328', 203007221217, 0, 0, '1', 202307252146, NULL, NULL, NULL, NULL, 37),
(778, '2319837429', '230232329', 203007221218, 0, 0, '1', 202307252146, NULL, NULL, NULL, NULL, 37),
(779, '2319837430', '230232330', 203007221219, 0, 0, '1', 202307252146, NULL, NULL, NULL, NULL, 37),
(780, '2319837431', '230232331', 203007221220, 0, 0, '1', 202307252146, NULL, NULL, NULL, NULL, 37),
(781, '2319837432', '230232332', 203007221221, 0, 0, '1', 202307252146, NULL, NULL, NULL, NULL, 37),
(782, '2319837433', '230232333', 203007221222, 0, 0, '1', 202307252146, NULL, NULL, NULL, NULL, 37),
(783, '2319837434', '230232334', 203007221223, 0, 0, '1', 202307252146, NULL, NULL, NULL, NULL, 37),
(784, '2319837435', '230232335', 203007221224, 0, 0, '1', 202307252146, NULL, NULL, NULL, NULL, 37),
(785, '2319837436', '230232336', 203007221225, 1, 0, '1', 202307252146, NULL, NULL, NULL, NULL, 37),
(786, '2319837437', '230232337', 203007221226, 1, 0, '1', 202307252146, NULL, NULL, NULL, NULL, 37),
(787, '2319837438', '230232338', 203007221227, 1, 0, '1', 202307252146, NULL, NULL, NULL, NULL, 37),
(788, '2319837439', '230232339', 203007221228, 1, 0, '1', 202307252146, NULL, NULL, NULL, NULL, 37),
(789, '2319837440', '230232340', 203007221229, 1, 0, '1', 202307252146, NULL, NULL, NULL, NULL, 37),
(790, '2319837441', '230232341', 203007221230, 1, 0, '1', 202307252146, NULL, NULL, NULL, NULL, 37),
(791, '2319837442', '230232342', 203007221231, 1, 0, '1', 202307252146, NULL, NULL, NULL, NULL, 37),
(792, '2319837443', '230232343', 203007221232, 1, 0, '1', 202307252146, NULL, NULL, NULL, NULL, 37),
(793, '2319837444', '230232344', 203007221233, 1, 0, '1', 202307252146, NULL, NULL, NULL, NULL, 37),
(794, '2319837445', '230232345', 203007221234, 1, 0, '1', 202307252146, NULL, NULL, NULL, NULL, 37),
(795, '2319837446', '230232346', 203007221235, 1, 0, '1', 202307252146, NULL, NULL, NULL, NULL, 37),
(796, '2319837447', '230232347', 203007221236, 1, 0, '1', 202307252146, NULL, NULL, NULL, NULL, 37),
(797, '2319837448', '230232348', 203007221237, 1, 0, '1', 202307252146, NULL, NULL, NULL, NULL, 37),
(798, '2319837449', '230232349', 203007221238, 1, 0, '1', 202307252146, NULL, NULL, NULL, NULL, 37),
(799, '2319837450', '230232350', 203007221239, 1, 0, '1', 202307252146, NULL, NULL, NULL, NULL, 37),
(800, '2319837451', '230232351', 203007221240, 1, 0, '1', 202307252146, NULL, NULL, NULL, NULL, 37),
(801, '2319837452', '230232352', 203007221241, 1, 0, '1', 202307252146, NULL, NULL, NULL, NULL, 37),
(802, '2319837453', '230232353', 203007221242, 1, 0, '1', 202307252146, NULL, NULL, NULL, NULL, 37),
(803, '2319837454', '230232354', 203007221243, 1, 0, '1', 202307252146, NULL, NULL, NULL, NULL, 37),
(804, '2319837455', '230232355', 203007221244, 1, 0, '1', 202307252146, NULL, NULL, NULL, NULL, 37),
(805, '2319837456', '230232356', 203007221245, 1, 0, '1', 202307252146, NULL, NULL, NULL, NULL, 37),
(806, '2319837457', '230232357', 203007221246, 1, 0, '1', 202307252146, NULL, NULL, NULL, NULL, 37),
(807, '2319837458', '230232358', 203007221247, 1, 0, '1', 202307252146, NULL, NULL, NULL, NULL, 37),
(808, '2319837459', '230232359', 203007221248, 1, 0, '1', 202307252146, NULL, NULL, NULL, NULL, 37),
(809, '2319837460', '230232360', 203007221249, 1, 0, '1', 202307252146, NULL, NULL, NULL, NULL, 37),
(810, '2319837461', '230232361', 203007221250, 1, 0, '1', 202307252146, NULL, NULL, NULL, NULL, 37),
(811, '2319837462', '230232362', 203007221251, 1, 0, '1', 202307252146, NULL, NULL, NULL, NULL, 37),
(812, '2319837463', '230232363', 203007221252, 1, 0, '1', 202307252146, NULL, NULL, NULL, NULL, 37),
(813, '2319837464', '230232364', 203007221253, 1, 0, '1', 202307252146, NULL, NULL, NULL, NULL, 37),
(814, '2319837465', '230232365', 203007221254, 1, 0, '1', 202307252146, NULL, NULL, NULL, NULL, 37),
(815, '2319837466', '230232366', 203007221255, 1, 0, '1', 202307252146, NULL, NULL, NULL, NULL, 37),
(816, '2319837467', '230232367', 203007221256, 1, 0, '1', 202307252146, NULL, NULL, NULL, NULL, 37),
(817, '2319837468', '230232368', 203007221257, 1, 0, '1', 202307252146, NULL, NULL, NULL, NULL, 37),
(818, '2319837469', '230232369', 203007221258, 1, 0, '1', 202307252146, NULL, NULL, NULL, NULL, 37),
(819, '2319837470', '230232370', 203007221259, 1, 0, '1', 202307252146, NULL, NULL, NULL, NULL, 37),
(820, '2319837471', '230232371', 203007221260, 1, 0, '1', 202307252146, NULL, NULL, NULL, NULL, 37),
(821, '2319837472', '230232372', 203007221261, 1, 0, '1', 202307252146, NULL, NULL, NULL, NULL, 37),
(822, '2319837473', '230232373', 203007221262, 1, 0, '1', 202307252146, NULL, NULL, NULL, NULL, 37),
(823, '2319837474', '230232374', 203007221263, 1, 0, '1', 202307252146, NULL, NULL, NULL, NULL, 37),
(824, '2319837475', '230232375', 203007221264, 1, 0, '1', 202307252146, NULL, NULL, NULL, NULL, 37),
(825, '2319837476', '230232376', 203007221265, 1, 0, '1', 202307252146, NULL, NULL, NULL, NULL, 37),
(826, '2319837477', '230232377', 203007221266, 1, 0, '1', 202307252146, NULL, NULL, NULL, NULL, 37),
(827, '2319837478', '230232378', 203007221267, 1, 0, '1', 202307252146, NULL, NULL, NULL, NULL, 37),
(828, '2319837479', '230232379', 203007221268, 1, 0, '1', 202307252146, NULL, NULL, NULL, NULL, 37),
(829, '2319837480', '230232380', 203007221269, 1, 0, '1', 202307252146, NULL, NULL, NULL, NULL, 37),
(830, '2319837481', '230232381', 203007221270, 1, 0, '1', 202307252146, NULL, NULL, NULL, NULL, 37),
(831, '2319837482', '230232382', 203007221271, 1, 0, '1', 202307252146, NULL, NULL, NULL, NULL, 37),
(832, '2319837483', '230232383', 203007221272, 1, 0, '1', 202307252146, NULL, NULL, NULL, NULL, 37),
(833, '2319837484', '230232384', 203007221273, 1, 0, '1', 202307252146, NULL, NULL, NULL, NULL, 37),
(834, '2319837485', '230232385', 203007221274, 1, 0, '1', 202307252146, NULL, NULL, NULL, NULL, 37),
(835, '2319837486', '230232386', 203007221275, 1, 0, '1', 202307252146, NULL, NULL, NULL, NULL, 37),
(836, '2319837487', '230232387', 203007221276, 1, 0, '1', 202307252146, NULL, NULL, NULL, NULL, 37),
(837, '2319837488', '230232388', 203007221277, 1, 0, '1', 202307252146, NULL, NULL, NULL, NULL, 37),
(838, '2319837489', '230232389', 203007221278, 1, 0, '1', 202307252146, NULL, NULL, NULL, NULL, 37),
(839, '2319837490', '230232390', 203007221279, 1, 0, '1', 202307252146, NULL, NULL, NULL, NULL, 37),
(840, '2319837491', '230232391', 203007221280, 1, 0, '1', 202307252146, NULL, NULL, NULL, NULL, 37),
(841, '2319837492', '230232392', 203007221281, 1, 0, '1', 202307252146, NULL, NULL, NULL, NULL, 37),
(842, '2319837493', '230232393', 203007221282, 1, 0, '1', 202307252146, NULL, NULL, NULL, NULL, 37),
(843, '2319837494', '230232394', 203007221283, 1, 0, '1', 202307252146, NULL, NULL, NULL, NULL, 37),
(844, '2319837495', '230232395', 203007221284, 1, 0, '1', 202307252146, NULL, NULL, NULL, NULL, 37),
(845, '2319837496', '230232396', 203007221285, 1, 0, '1', 202307252146, NULL, NULL, NULL, NULL, 37),
(846, '2319837497', '230232397', 203007221286, 1, 0, '1', 202307252146, NULL, NULL, NULL, NULL, 37),
(847, '2319837498', '230232398', 203007221287, 1, 0, '1', 202307252146, NULL, NULL, NULL, NULL, 37),
(848, '2319837499', '230232399', 203007221288, 1, 0, '1', 202307252146, NULL, NULL, NULL, NULL, 37),
(849, '2319837500', '230232400', 203007221289, 1, 0, '1', 202307252146, NULL, NULL, NULL, NULL, 37),
(850, '2319837501', '230232401', 203007221290, 1, 0, '1', 202307252146, NULL, NULL, NULL, NULL, 37),
(851, '2319837502', '230232402', 203007221291, 1, 0, '1', 202307252146, NULL, NULL, NULL, NULL, 37),
(852, '2319837503', '230232403', 203007221292, 1, 0, '1', 202307252146, NULL, NULL, NULL, NULL, 37),
(853, '2319837504', '230232404', 203007221293, 1, 0, '1', 202307252146, NULL, NULL, NULL, NULL, 37),
(854, '2319837505', '230232405', 203007221294, 1, 0, '1', 202307252146, NULL, NULL, NULL, NULL, 37),
(855, '2319837506', '230232406', 203007221295, 1, 0, '1', 202307252146, NULL, NULL, NULL, NULL, 37),
(856, '2319837507', '230232407', 203007221296, 1, 0, '1', 202307252146, NULL, NULL, NULL, NULL, 37),
(857, '2319837508', '230232408', 203007221297, 1, 0, '1', 202307252146, NULL, NULL, NULL, NULL, 37),
(858, '2319837509', '230232409', 203007221298, 1, 0, '1', 202307252146, NULL, NULL, NULL, NULL, 37),
(859, '2319837510', '230232410', 203007221299, 1, 0, '1', 202307252146, NULL, NULL, NULL, NULL, 37),
(860, '2319837511', '230232411', 203007221300, 1, 0, '1', 202307252146, NULL, NULL, NULL, NULL, 37),
(861, '2319837512', '230232412', 203007221301, 1, 0, '1', 202307252146, NULL, NULL, NULL, NULL, 37),
(862, '2319837513', '230232413', 203007221302, 1, 0, '1', 202307252146, NULL, NULL, NULL, NULL, 37),
(863, '2319837514', '230232414', 203007221303, 1, 0, '1', 202307252146, NULL, NULL, NULL, NULL, 37),
(864, '2319837515', '230232415', 203007221304, 1, 0, '1', 202307252146, NULL, NULL, NULL, NULL, 37),
(865, '2319837516', '230232416', 203007221305, 1, 0, '1', 202307252146, NULL, NULL, NULL, NULL, 37),
(866, '2319837517', '230232417', 203007221306, 1, 0, '1', 202307252146, NULL, NULL, NULL, NULL, 37),
(867, '2319837518', '230232418', 203007221307, 1, 0, '1', 202307252146, NULL, NULL, NULL, NULL, 37),
(868, '2319837519', '230232419', 203007221308, 1, 0, '1', 202307252146, NULL, NULL, NULL, NULL, 37),
(869, '2319837520', '230232420', 203007221309, 1, 0, '1', 202307252146, NULL, NULL, NULL, NULL, 37),
(870, '2319837521', '230232421', 203007221310, 1, 0, '1', 202307252146, NULL, NULL, NULL, NULL, 37),
(871, '2319837522', '230232422', 203007221311, 1, 0, '1', 202307252146, NULL, NULL, NULL, NULL, 37),
(872, '2319837523', '230232423', 203007221312, 1, 0, '1', 202307252146, NULL, NULL, NULL, NULL, 37),
(873, '2319837524', '230232424', 203007221313, 1, 0, '1', 202307252146, NULL, NULL, NULL, NULL, 37),
(874, '2319837525', '230232425', 203007221314, 1, 0, '1', 202307252146, NULL, NULL, NULL, NULL, 37),
(875, '2319837526', '230232426', 203007221315, 1, 0, '1', 202307252146, NULL, NULL, NULL, NULL, 37),
(876, '2319837527', '230232427', 203007221316, 1, 0, '1', 202307252146, NULL, NULL, NULL, NULL, 37),
(877, '2319837528', '230232428', 203007221317, 1, 0, '1', 202307252146, NULL, NULL, NULL, NULL, 37),
(878, '2319837529', '230232429', 203007221318, 1, 0, '1', 202307252146, NULL, NULL, NULL, NULL, 37),
(879, '2319837530', '230232430', 203007221319, 1, 0, '1', 202307252146, NULL, NULL, NULL, NULL, 37),
(880, '2319837531', '230232431', 203007221320, 1, 0, '1', 202307252146, NULL, NULL, NULL, NULL, 37),
(881, '2319837532', '230232432', 203007221321, 1, 0, '1', 202307252146, NULL, NULL, NULL, NULL, 37),
(882, '2319837533', '230232433', 203007221322, 1, 0, '1', 202307252146, NULL, NULL, NULL, NULL, 37),
(883, '2319837534', '230232434', 203007221323, 1, 0, '1', 202307252146, NULL, NULL, NULL, NULL, 37),
(884, '2319837535', '230232435', 203007221324, 1, 0, '1', 202307252146, NULL, NULL, NULL, NULL, 37),
(885, '2319837536', '230232436', 203007221325, 1, 0, '1', 202307252146, NULL, NULL, NULL, NULL, 37),
(886, '2319837537', '230232437', 203007221326, 1, 0, '1', 202307252146, NULL, NULL, NULL, NULL, 37),
(887, '2319837538', '230232438', 203007221327, 1, 0, '1', 202307252146, NULL, NULL, NULL, NULL, 37),
(888, '2319837539', '230232439', 203007221328, 1, 0, '1', 202307252146, NULL, NULL, NULL, NULL, 37),
(889, '2319837540', '230232440', 203007221329, 1, 0, '1', 202307252146, NULL, NULL, NULL, NULL, 37),
(890, '2319837541', '230232441', 203007221330, 1, 0, '1', 202307252146, NULL, NULL, NULL, NULL, 37),
(891, '2319837542', '230232442', 203007221331, 1, 0, '1', 202307252146, NULL, NULL, NULL, NULL, 37),
(892, '2319837543', '230232443', 203007221332, 1, 0, '1', 202307252146, NULL, NULL, NULL, NULL, 37),
(893, '2319837544', '230232444', 203007221333, 1, 0, '1', 202307252146, NULL, NULL, NULL, NULL, 37),
(894, '2319837545', '230232445', 203007221334, 1, 0, '1', 202307252146, NULL, NULL, NULL, NULL, 37),
(895, '2319837546', '230232446', 203007221335, 1, 0, '1', 202307252146, NULL, NULL, NULL, NULL, 37),
(896, '2319837547', '230232447', 203007221336, 1, 0, '1', 202307252146, NULL, NULL, NULL, NULL, 37),
(897, '2319837548', '230232448', 203007221337, 1, 0, '1', 202307252146, NULL, NULL, NULL, NULL, 37),
(898, '2319837549', '230232449', 203007221338, 1, 0, '1', 202307252146, NULL, NULL, NULL, NULL, 37),
(899, '2319837550', '230232450', 203007221339, 1, 0, '1', 202307252146, NULL, NULL, NULL, NULL, 37),
(900, '2319837551', '230232451', 203007221340, 1, 0, '1', 202307252146, NULL, NULL, NULL, NULL, 37),
(901, '2319837552', '230232452', 203007221341, 1, 0, '1', 202307252146, NULL, NULL, NULL, NULL, 37),
(902, '2319837553', '230232453', 203007221342, 1, 0, '1', 202307252146, NULL, NULL, NULL, NULL, 37),
(903, '2319837554', '230232454', 203007221343, 1, 0, '1', 202307252146, NULL, NULL, NULL, NULL, 37),
(904, '2319837555', '230232455', 203007221344, 1, 0, '1', 202307252146, NULL, NULL, NULL, NULL, 37),
(905, '2319837556', '230232456', 203007221345, 1, 0, '1', 202307252146, NULL, NULL, NULL, NULL, 37),
(906, '2319837557', '230232457', 203007221346, 1, 0, '1', 202307252146, NULL, NULL, NULL, NULL, 37),
(907, '2319837558', '230232458', 203007221347, 1, 0, '1', 202307252146, NULL, NULL, NULL, NULL, 37),
(908, '2319837559', '230232459', 203007221348, 1, 0, '1', 202307252146, NULL, NULL, NULL, NULL, 37),
(909, '2319837560', '230232460', 203007221349, 1, 0, '1', 202307252146, NULL, NULL, NULL, NULL, 37),
(910, '2319837561', '230232461', 203007221350, 1, 0, '1', 202307252146, NULL, NULL, NULL, NULL, 37),
(911, '2319837562', '230232462', 203007221351, 1, 0, '1', 202307252146, NULL, NULL, NULL, NULL, 37),
(912, '2319837563', '230232463', 203007221352, 1, 0, '1', 202307252146, NULL, NULL, NULL, NULL, 37),
(913, '2319837564', '230232464', 203007221353, 1, 0, '1', 202307252146, NULL, NULL, NULL, NULL, 37),
(914, '2319837565', '230232465', 203007221354, 1, 0, '1', 202307252146, NULL, NULL, NULL, NULL, 37),
(915, '2319837566', '230232466', 203007221355, 1, 0, '1', 202307252146, NULL, NULL, NULL, NULL, 37),
(916, '2319837567', '230232467', 203007221356, 1, 0, '1', 202307252146, NULL, NULL, NULL, NULL, 37),
(917, '2319837568', '230232468', 203007221357, 1, 0, '1', 202307252146, NULL, NULL, NULL, NULL, 37),
(918, '2319837569', '230232469', 203007221358, 1, 0, '1', 202307252146, NULL, NULL, NULL, NULL, 37),
(919, '2319837570', '230232470', 203007221359, 1, 0, '1', 202307252146, NULL, NULL, NULL, NULL, 37),
(920, '2319837571', '230232471', 203007221360, 1, 0, '1', 202307252146, NULL, NULL, NULL, NULL, 37),
(921, '2319837572', '230232472', 203007221361, 1, 0, '1', 202307252146, NULL, NULL, NULL, NULL, 37),
(922, '2319837573', '230232473', 203007221362, 1, 0, '1', 202307252146, NULL, NULL, NULL, NULL, 37),
(923, '2319837574', '230232474', 203007221363, 1, 0, '1', 202307252146, NULL, NULL, NULL, NULL, 37),
(924, '2319837575', '230232475', 203007221364, 1, 0, '1', 202307252146, NULL, NULL, NULL, NULL, 37),
(925, '2319837576', '230232476', 203007221365, 1, 0, '1', 202307252146, NULL, NULL, NULL, NULL, 37),
(926, '2319837577', '230232477', 203007221366, 1, 0, '1', 202307252146, NULL, NULL, NULL, NULL, 37),
(927, '2319837578', '230232478', 203007221367, 1, 0, '1', 202307252146, NULL, NULL, NULL, NULL, 37),
(928, '2319837579', '230232479', 203007221368, 1, 0, '1', 202307252146, NULL, NULL, NULL, NULL, 37),
(929, '2319837580', '230232480', 203007221369, 1, 0, '1', 202307252146, NULL, NULL, NULL, NULL, 37),
(930, '2319837581', '230232481', 203007221370, 1, 0, '1', 202307252146, NULL, NULL, NULL, NULL, 37),
(931, '2319837582', '230232482', 203007221371, 1, 0, '1', 202307252146, NULL, NULL, NULL, NULL, 37),
(932, '2319837583', '230232483', 203007221372, 1, 0, '1', 202307252146, NULL, NULL, NULL, NULL, 37),
(933, '2319837584', '230232484', 203007221373, 1, 0, '1', 202307252146, NULL, NULL, NULL, NULL, 37),
(934, '2319837585', '230232485', 203007221374, 1, 0, '1', 202307252146, NULL, NULL, NULL, NULL, 37),
(935, '2319837586', '230232486', 203007221375, 1, 0, '1', 202307252146, NULL, NULL, NULL, NULL, 37),
(936, '2319837587', '230232487', 203007221376, 1, 0, '1', 202307252146, NULL, NULL, NULL, NULL, 37),
(937, '2319837588', '230232488', 203007221377, 1, 0, '1', 202307252146, NULL, NULL, NULL, NULL, 37),
(938, '2319837589', '230232489', 203007221378, 1, 0, '1', 202307252146, NULL, NULL, NULL, NULL, 37),
(939, '2319837590', '230232490', 203007221379, 1, 0, '1', 202307252146, NULL, NULL, NULL, NULL, 37),
(940, '2319837591', '230232491', 203007221380, 1, 0, '1', 202307252146, NULL, NULL, NULL, NULL, 37),
(941, '2319837592', '230232492', 203007221381, 1, 0, '1', 202307252146, NULL, NULL, NULL, NULL, 37),
(942, '2319837593', '230232493', 203007221382, 1, 0, '1', 202307252146, NULL, NULL, NULL, NULL, 37),
(943, '2319837594', '230232494', 203007221383, 1, 0, '1', 202307252146, NULL, NULL, NULL, NULL, 37),
(944, '2319837595', '230232495', 203007221384, 1, 0, '1', 202307252146, NULL, NULL, NULL, NULL, 37),
(945, '2319837596', '230232496', 203007221385, 1, 0, '1', 202307252146, NULL, NULL, NULL, NULL, 37),
(946, '2319837597', '230232497', 203007221386, 1, 0, '1', 202307252146, NULL, NULL, NULL, NULL, 37),
(947, '2319837598', '230232498', 203007221387, 1, 0, '1', 202307252146, NULL, NULL, NULL, NULL, 37),
(948, '2319837599', '230232499', 203007221388, 1, 0, '1', 202307252146, NULL, NULL, NULL, NULL, 37),
(949, '2319837600', '230232500', 203007221389, 1, 0, '1', 202307252146, NULL, NULL, NULL, NULL, 37),
(950, '2319837601', '230232501', 203007221390, 1, 0, '1', 202307252146, NULL, NULL, NULL, NULL, 37),
(951, '2319837602', '230232502', 203007221391, 1, 0, '1', 202307252146, NULL, NULL, NULL, NULL, 37),
(952, '2319837603', '230232503', 203007221392, 1, 0, '1', 202307252146, NULL, NULL, NULL, NULL, 37),
(953, '2319837604', '230232504', 203007221393, 1, 0, '1', 202307252146, NULL, NULL, NULL, NULL, 37),
(954, '2319837605', '230232505', 203007221394, 1, 0, '1', 202307252146, NULL, NULL, NULL, NULL, 37),
(955, '2319837606', '230232506', 203007221395, 1, 0, '1', 202307252146, NULL, NULL, NULL, NULL, 37),
(956, '2319837607', '230232507', 203007221396, 1, 0, '1', 202307252146, NULL, NULL, NULL, NULL, 37),
(957, '2319837608', '230232508', 203007221397, 1, 0, '1', 202307252146, NULL, NULL, NULL, NULL, 37),
(958, '2319837609', '230232509', 203007221398, 1, 0, '1', 202307252146, NULL, NULL, NULL, NULL, 37),
(959, '2319837610', '230232510', 203007221399, 1, 0, '1', 202307252146, NULL, NULL, NULL, NULL, 37),
(960, '2319837422', '230232322', 203007221211, 0, 0, '1', 202307252146, NULL, NULL, NULL, NULL, 41),
(961, '2319837423', '230232323', 203007221212, 0, 0, '1', 202307252146, NULL, NULL, NULL, NULL, 41),
(962, '2319837424', '230232324', 203007221213, 0, 0, '1', 202307252146, NULL, NULL, NULL, NULL, 41),
(963, '2319837425', '230232325', 203007221214, 0, 0, '1', 202307252146, NULL, NULL, NULL, NULL, 41),
(964, '2319837426', '230232326', 203007221215, 1, 0, '1', 202307252146, NULL, NULL, NULL, NULL, 41),
(965, '2319837427', '230232327', 203007221216, 1, 0, '1', 202307252146, NULL, NULL, NULL, NULL, 41),
(966, '2319837428', '230232328', 203007221217, 1, 0, '1', 202307252146, NULL, NULL, NULL, NULL, 41),
(967, '2319837429', '230232329', 203007221218, 1, 0, '1', 202307252146, NULL, NULL, NULL, NULL, 41),
(968, '2319837430', '230232330', 203007221219, 1, 0, '1', 202307252146, NULL, NULL, NULL, NULL, 41),
(969, '2319837431', '230232331', 203007221220, 1, 0, '1', 202307252146, NULL, NULL, NULL, NULL, 41),
(970, '2319837432', '230232332', 203007221221, 1, 0, '1', 202307252146, NULL, NULL, NULL, NULL, 41),
(971, '2319837433', '230232333', 203007221222, 1, 0, '1', 202307252146, NULL, NULL, NULL, NULL, 41),
(972, '2319837434', '230232334', 203007221223, 1, 0, '1', 202307252146, NULL, NULL, NULL, NULL, 41),
(973, '2319837435', '230232335', 203007221224, 1, 0, '1', 202307252146, NULL, NULL, NULL, NULL, 41),
(974, '2319837436', '230232336', 203007221225, 1, 0, '1', 202307252146, NULL, NULL, NULL, NULL, 41),
(975, '2319837437', '230232337', 203007221226, 1, 0, '1', 202307252146, NULL, NULL, NULL, NULL, 41),
(976, '2319837438', '230232338', 203007221227, 1, 0, '1', 202307252146, NULL, NULL, NULL, NULL, 41),
(977, '2319837439', '230232339', 203007221228, 1, 0, '1', 202307252146, NULL, NULL, NULL, NULL, 41),
(978, '2319837440', '230232340', 203007221229, 1, 0, '1', 202307252146, NULL, NULL, NULL, NULL, 41),
(979, '2319837441', '230232341', 203007221230, 1, 0, '1', 202307252146, NULL, NULL, NULL, NULL, 41),
(980, '2319837442', '230232342', 203007221231, 1, 0, '1', 202307252146, NULL, NULL, NULL, NULL, 41),
(981, '2319837443', '230232343', 203007221232, 1, 0, '1', 202307252146, NULL, NULL, NULL, NULL, 41),
(982, '2319837444', '230232344', 203007221233, 1, 0, '1', 202307252146, NULL, NULL, NULL, NULL, 41),
(983, '2319837445', '230232345', 203007221234, 1, 0, '1', 202307252146, NULL, NULL, NULL, NULL, 41),
(984, '2319837446', '230232346', 203007221235, 1, 0, '1', 202307252146, NULL, NULL, NULL, NULL, 41),
(985, '2319837447', '230232347', 203007221236, 1, 0, '1', 202307252146, NULL, NULL, NULL, NULL, 41),
(986, '2319837448', '230232348', 203007221237, 1, 0, '1', 202307252146, NULL, NULL, NULL, NULL, 41),
(987, '2319837449', '230232349', 203007221238, 1, 0, '1', 202307252146, NULL, NULL, NULL, NULL, 41),
(988, '2319837450', '230232350', 203007221239, 1, 0, '1', 202307252146, NULL, NULL, NULL, NULL, 41),
(989, '2319837451', '230232351', 203007221240, 1, 0, '1', 202307252146, NULL, NULL, NULL, NULL, 41),
(990, '2319837452', '230232352', 203007221241, 1, 0, '1', 202307252146, NULL, NULL, NULL, NULL, 41),
(991, '2319837453', '230232353', 203007221242, 1, 0, '1', 202307252146, NULL, NULL, NULL, NULL, 41),
(992, '2319837454', '230232354', 203007221243, 1, 0, '1', 202307252146, NULL, NULL, NULL, NULL, 41),
(993, '2319837455', '230232355', 203007221244, 1, 0, '1', 202307252146, NULL, NULL, NULL, NULL, 41),
(994, '2319837456', '230232356', 203007221245, 1, 0, '1', 202307252146, NULL, NULL, NULL, NULL, 41),
(995, '2319837457', '230232357', 203007221246, 1, 0, '1', 202307252146, NULL, NULL, NULL, NULL, 41),
(996, '2319837458', '230232358', 203007221247, 1, 0, '1', 202307252146, NULL, NULL, NULL, NULL, 41),
(997, '2319837459', '230232359', 203007221248, 1, 0, '1', 202307252146, NULL, NULL, NULL, NULL, 41),
(998, '2319837460', '230232360', 203007221249, 1, 0, '1', 202307252146, NULL, NULL, NULL, NULL, 41),
(999, '2319837461', '230232361', 203007221250, 1, 0, '1', 202307252146, NULL, NULL, NULL, NULL, 41),
(1000, '2319837462', '230232362', 203007221251, 1, 0, '1', 202307252146, NULL, NULL, NULL, NULL, 41),
(1001, '2319837463', '230232363', 203007221252, 1, 0, '1', 202307252146, NULL, NULL, NULL, NULL, 41),
(1002, '2319837464', '230232364', 203007221253, 1, 0, '1', 202307252146, NULL, NULL, NULL, NULL, 41),
(1003, '2319837465', '230232365', 203007221254, 1, 0, '1', 202307252146, NULL, NULL, NULL, NULL, 41),
(1004, '2319837466', '230232366', 203007221255, 1, 0, '1', 202307252146, NULL, NULL, NULL, NULL, 41),
(1005, '2319837467', '230232367', 203007221256, 1, 0, '1', 202307252146, NULL, NULL, NULL, NULL, 41),
(1006, '2319837468', '230232368', 203007221257, 1, 0, '1', 202307252146, NULL, NULL, NULL, NULL, 41),
(1007, '2319837469', '230232369', 203007221258, 1, 0, '1', 202307252146, NULL, NULL, NULL, NULL, 41),
(1008, '2319837470', '230232370', 203007221259, 1, 0, '1', 202307252146, NULL, NULL, NULL, NULL, 41),
(1009, '2319837471', '230232371', 203007221260, 1, 0, '1', 202307252146, NULL, NULL, NULL, NULL, 41),
(1010, '2319837472', '230232372', 203007221261, 1, 0, '1', 202307252146, NULL, NULL, NULL, NULL, 41),
(1011, '2319837473', '230232373', 203007221262, 1, 0, '1', 202307252146, NULL, NULL, NULL, NULL, 41),
(1012, '2319837474', '230232374', 203007221263, 1, 0, '1', 202307252146, NULL, NULL, NULL, NULL, 41),
(1013, '2319837475', '230232375', 203007221264, 1, 0, '1', 202307252146, NULL, NULL, NULL, NULL, 41),
(1014, '2319837476', '230232376', 203007221265, 1, 0, '1', 202307252146, NULL, NULL, NULL, NULL, 41),
(1015, '2319837477', '230232377', 203007221266, 1, 0, '1', 202307252146, NULL, NULL, NULL, NULL, 41),
(1016, '2319837478', '230232378', 203007221267, 1, 0, '1', 202307252146, NULL, NULL, NULL, NULL, 41),
(1017, '2319837479', '230232379', 203007221268, 1, 0, '1', 202307252146, NULL, NULL, NULL, NULL, 41),
(1018, '2319837480', '230232380', 203007221269, 1, 0, '1', 202307252146, NULL, NULL, NULL, NULL, 41),
(1019, '2319837481', '230232381', 203007221270, 1, 0, '1', 202307252146, NULL, NULL, NULL, NULL, 41),
(1020, '2319837482', '230232382', 203007221271, 1, 0, '1', 202307252146, NULL, NULL, NULL, NULL, 41),
(1021, '2319837483', '230232383', 203007221272, 1, 0, '1', 202307252146, NULL, NULL, NULL, NULL, 41),
(1022, '2319837484', '230232384', 203007221273, 1, 0, '1', 202307252146, NULL, NULL, NULL, NULL, 41),
(1023, '2319837485', '230232385', 203007221274, 1, 0, '1', 202307252146, NULL, NULL, NULL, NULL, 41),
(1024, '2319837486', '230232386', 203007221275, 1, 0, '1', 202307252146, NULL, NULL, NULL, NULL, 41),
(1025, '2319837487', '230232387', 203007221276, 1, 0, '1', 202307252146, NULL, NULL, NULL, NULL, 41),
(1026, '2319837488', '230232388', 203007221277, 1, 0, '1', 202307252146, NULL, NULL, NULL, NULL, 41),
(1027, '2319837489', '230232389', 203007221278, 1, 0, '1', 202307252146, NULL, NULL, NULL, NULL, 41),
(1028, '2319837490', '230232390', 203007221279, 1, 0, '1', 202307252146, NULL, NULL, NULL, NULL, 41),
(1029, '2319837491', '230232391', 203007221280, 1, 0, '1', 202307252146, NULL, NULL, NULL, NULL, 41),
(1030, '2319837492', '230232392', 203007221281, 1, 0, '1', 202307252146, NULL, NULL, NULL, NULL, 41),
(1031, '2319837493', '230232393', 203007221282, 1, 0, '1', 202307252146, NULL, NULL, NULL, NULL, 41),
(1032, '2319837494', '230232394', 203007221283, 1, 0, '1', 202307252146, NULL, NULL, NULL, NULL, 41),
(1033, '2319837495', '230232395', 203007221284, 1, 0, '1', 202307252146, NULL, NULL, NULL, NULL, 41),
(1034, '2319837496', '230232396', 203007221285, 1, 0, '1', 202307252146, NULL, NULL, NULL, NULL, 41),
(1035, '2319837497', '230232397', 203007221286, 1, 0, '1', 202307252146, NULL, NULL, NULL, NULL, 41),
(1036, '2319837498', '230232398', 203007221287, 1, 0, '1', 202307252146, NULL, NULL, NULL, NULL, 41),
(1037, '2319837499', '230232399', 203007221288, 1, 0, '1', 202307252146, NULL, NULL, NULL, NULL, 41),
(1038, '2319837500', '230232400', 203007221289, 1, 0, '1', 202307252146, NULL, NULL, NULL, NULL, 41),
(1039, '2319837501', '230232401', 203007221290, 1, 0, '1', 202307252146, NULL, NULL, NULL, NULL, 41),
(1040, '2319837502', '230232402', 203007221291, 1, 0, '1', 202307252146, NULL, NULL, NULL, NULL, 41),
(1041, '2319837503', '230232403', 203007221292, 1, 0, '1', 202307252146, NULL, NULL, NULL, NULL, 41),
(1042, '2319837504', '230232404', 203007221293, 1, 0, '1', 202307252146, NULL, NULL, NULL, NULL, 41),
(1043, '2319837505', '230232405', 203007221294, 1, 0, '1', 202307252146, NULL, NULL, NULL, NULL, 41),
(1044, '2319837506', '230232406', 203007221295, 1, 0, '1', 202307252146, NULL, NULL, NULL, NULL, 41),
(1045, '2319837507', '230232407', 203007221296, 1, 0, '1', 202307252146, NULL, NULL, NULL, NULL, 41),
(1046, '2319837508', '230232408', 203007221297, 1, 0, '1', 202307252146, NULL, NULL, NULL, NULL, 41),
(1047, '2319837509', '230232409', 203007221298, 1, 0, '1', 202307252146, NULL, NULL, NULL, NULL, 41),
(1048, '2319837510', '230232410', 203007221299, 1, 0, '1', 202307252146, NULL, NULL, NULL, NULL, 41),
(1049, '2319837511', '230232411', 203007221300, 1, 0, '1', 202307252146, NULL, NULL, NULL, NULL, 41),
(1050, '2319837512', '230232412', 203007221301, 1, 0, '1', 202307252146, NULL, NULL, NULL, NULL, 41),
(1051, '2319837513', '230232413', 203007221302, 1, 0, '1', 202307252146, NULL, NULL, NULL, NULL, 41),
(1052, '2319837514', '230232414', 203007221303, 1, 0, '1', 202307252146, NULL, NULL, NULL, NULL, 41),
(1053, '2319837515', '230232415', 203007221304, 1, 0, '1', 202307252146, NULL, NULL, NULL, NULL, 41),
(1054, '2319837516', '230232416', 203007221305, 1, 0, '1', 202307252146, NULL, NULL, NULL, NULL, 41),
(1055, '2319837517', '230232417', 203007221306, 1, 0, '1', 202307252146, NULL, NULL, NULL, NULL, 41),
(1056, '2319837518', '230232418', 203007221307, 1, 0, '1', 202307252146, NULL, NULL, NULL, NULL, 41),
(1057, '2319837519', '230232419', 203007221308, 1, 0, '1', 202307252146, NULL, NULL, NULL, NULL, 41),
(1058, '2319837520', '230232420', 203007221309, 1, 0, '1', 202307252146, NULL, NULL, NULL, NULL, 41),
(1059, '2319837521', '230232421', 203007221310, 1, 0, '1', 202307252146, NULL, NULL, NULL, NULL, 41),
(1060, '2319837522', '230232422', 203007221311, 1, 0, '1', 202307252146, NULL, NULL, NULL, NULL, 41),
(1061, '2319837523', '230232423', 203007221312, 1, 0, '1', 202307252146, NULL, NULL, NULL, NULL, 41),
(1062, '2319837524', '230232424', 203007221313, 1, 0, '1', 202307252146, NULL, NULL, NULL, NULL, 41),
(1063, '2319837525', '230232425', 203007221314, 1, 0, '1', 202307252146, NULL, NULL, NULL, NULL, 41),
(1064, '2319837526', '230232426', 203007221315, 1, 0, '1', 202307252146, NULL, NULL, NULL, NULL, 41),
(1065, '2319837527', '230232427', 203007221316, 1, 0, '1', 202307252146, NULL, NULL, NULL, NULL, 41),
(1066, '2319837528', '230232428', 203007221317, 1, 0, '1', 202307252146, NULL, NULL, NULL, NULL, 41),
(1067, '2319837529', '230232429', 203007221318, 1, 0, '1', 202307252146, NULL, NULL, NULL, NULL, 41),
(1068, '2319837530', '230232430', 203007221319, 1, 0, '1', 202307252146, NULL, NULL, NULL, NULL, 41),
(1069, '2319837531', '230232431', 203007221320, 1, 0, '1', 202307252146, NULL, NULL, NULL, NULL, 41),
(1070, '2319837532', '230232432', 203007221321, 1, 0, '1', 202307252146, NULL, NULL, NULL, NULL, 41),
(1071, '2319837533', '230232433', 203007221322, 1, 0, '1', 202307252146, NULL, NULL, NULL, NULL, 41),
(1072, '2319837534', '230232434', 203007221323, 1, 0, '1', 202307252146, NULL, NULL, NULL, NULL, 41),
(1073, '2319837535', '230232435', 203007221324, 1, 0, '1', 202307252146, NULL, NULL, NULL, NULL, 41),
(1074, '2319837536', '230232436', 203007221325, 1, 0, '1', 202307252146, NULL, NULL, NULL, NULL, 41),
(1075, '2319837537', '230232437', 203007221326, 1, 0, '1', 202307252146, NULL, NULL, NULL, NULL, 41),
(1076, '2319837538', '230232438', 203007221327, 1, 0, '1', 202307252146, NULL, NULL, NULL, NULL, 41),
(1077, '2319837539', '230232439', 203007221328, 1, 0, '1', 202307252146, NULL, NULL, NULL, NULL, 41),
(1078, '2319837540', '230232440', 203007221329, 1, 0, '1', 202307252146, NULL, NULL, NULL, NULL, 41),
(1079, '2319837541', '230232441', 203007221330, 1, 0, '1', 202307252146, NULL, NULL, NULL, NULL, 41),
(1080, '2319837542', '230232442', 203007221331, 1, 0, '1', 202307252146, NULL, NULL, NULL, NULL, 41),
(1081, '2319837543', '230232443', 203007221332, 1, 0, '1', 202307252146, NULL, NULL, NULL, NULL, 41),
(1082, '2319837544', '230232444', 203007221333, 1, 0, '1', 202307252146, NULL, NULL, NULL, NULL, 41),
(1083, '2319837545', '230232445', 203007221334, 1, 0, '1', 202307252146, NULL, NULL, NULL, NULL, 41),
(1084, '2319837546', '230232446', 203007221335, 1, 0, '1', 202307252146, NULL, NULL, NULL, NULL, 41),
(1085, '2319837547', '230232447', 203007221336, 1, 0, '1', 202307252146, NULL, NULL, NULL, NULL, 41),
(1086, '2319837548', '230232448', 203007221337, 1, 0, '1', 202307252146, NULL, NULL, NULL, NULL, 41),
(1087, '2319837549', '230232449', 203007221338, 1, 0, '1', 202307252146, NULL, NULL, NULL, NULL, 41),
(1088, '2319837550', '230232450', 203007221339, 1, 0, '1', 202307252146, NULL, NULL, NULL, NULL, 41),
(1089, '2319837551', '230232451', 203007221340, 1, 0, '1', 202307252146, NULL, NULL, NULL, NULL, 41),
(1090, '2319837552', '230232452', 203007221341, 1, 0, '1', 202307252146, NULL, NULL, NULL, NULL, 41),
(1091, '2319837553', '230232453', 203007221342, 1, 0, '1', 202307252146, NULL, NULL, NULL, NULL, 41),
(1092, '2319837554', '230232454', 203007221343, 1, 0, '1', 202307252146, NULL, NULL, NULL, NULL, 41),
(1093, '2319837555', '230232455', 203007221344, 1, 0, '1', 202307252146, NULL, NULL, NULL, NULL, 41),
(1094, '2319837556', '230232456', 203007221345, 1, 0, '1', 202307252146, NULL, NULL, NULL, NULL, 41),
(1095, '2319837557', '230232457', 203007221346, 1, 0, '1', 202307252146, NULL, NULL, NULL, NULL, 41),
(1096, '2319837558', '230232458', 203007221347, 1, 0, '1', 202307252146, NULL, NULL, NULL, NULL, 41),
(1097, '2319837559', '230232459', 203007221348, 1, 0, '1', 202307252146, NULL, NULL, NULL, NULL, 41),
(1098, '2319837560', '230232460', 203007221349, 1, 0, '1', 202307252146, NULL, NULL, NULL, NULL, 41),
(1099, '2319837561', '230232461', 203007221350, 1, 0, '1', 202307252146, NULL, NULL, NULL, NULL, 41),
(1100, '2319837562', '230232462', 203007221351, 1, 0, '1', 202307252146, NULL, NULL, NULL, NULL, 41),
(1101, '2319837563', '230232463', 203007221352, 1, 0, '1', 202307252146, NULL, NULL, NULL, NULL, 41),
(1102, '2319837564', '230232464', 203007221353, 1, 0, '1', 202307252146, NULL, NULL, NULL, NULL, 41),
(1103, '2319837565', '230232465', 203007221354, 1, 0, '1', 202307252146, NULL, NULL, NULL, NULL, 41),
(1104, '2319837566', '230232466', 203007221355, 1, 0, '1', 202307252146, NULL, NULL, NULL, NULL, 41),
(1105, '2319837567', '230232467', 203007221356, 1, 0, '1', 202307252146, NULL, NULL, NULL, NULL, 41),
(1106, '2319837568', '230232468', 203007221357, 1, 0, '1', 202307252146, NULL, NULL, NULL, NULL, 41),
(1107, '2319837569', '230232469', 203007221358, 1, 0, '1', 202307252146, NULL, NULL, NULL, NULL, 41),
(1108, '2319837570', '230232470', 203007221359, 1, 0, '1', 202307252146, NULL, NULL, NULL, NULL, 41),
(1109, '2319837571', '230232471', 203007221360, 1, 0, '1', 202307252146, NULL, NULL, NULL, NULL, 41),
(1110, '2319837572', '230232472', 203007221361, 1, 0, '1', 202307252146, NULL, NULL, NULL, NULL, 41),
(1111, '2319837573', '230232473', 203007221362, 1, 0, '1', 202307252146, NULL, NULL, NULL, NULL, 41),
(1112, '2319837574', '230232474', 203007221363, 1, 0, '1', 202307252146, NULL, NULL, NULL, NULL, 41),
(1113, '2319837575', '230232475', 203007221364, 1, 0, '1', 202307252146, NULL, NULL, NULL, NULL, 41),
(1114, '2319837576', '230232476', 203007221365, 1, 0, '1', 202307252146, NULL, NULL, NULL, NULL, 41),
(1115, '2319837577', '230232477', 203007221366, 1, 0, '1', 202307252146, NULL, NULL, NULL, NULL, 41),
(1116, '2319837578', '230232478', 203007221367, 1, 0, '1', 202307252146, NULL, NULL, NULL, NULL, 41),
(1117, '2319837579', '230232479', 203007221368, 1, 0, '1', 202307252146, NULL, NULL, NULL, NULL, 41),
(1118, '2319837580', '230232480', 203007221369, 1, 0, '1', 202307252146, NULL, NULL, NULL, NULL, 41),
(1119, '2319837581', '230232481', 203007221370, 1, 0, '1', 202307252146, NULL, NULL, NULL, NULL, 41),
(1120, '2319837582', '230232482', 203007221371, 1, 0, '1', 202307252146, NULL, NULL, NULL, NULL, 41),
(1121, '2319837583', '230232483', 203007221372, 1, 0, '1', 202307252146, NULL, NULL, NULL, NULL, 41),
(1122, '2319837584', '230232484', 203007221373, 1, 0, '1', 202307252146, NULL, NULL, NULL, NULL, 41),
(1123, '2319837585', '230232485', 203007221374, 1, 0, '1', 202307252146, NULL, NULL, NULL, NULL, 41),
(1124, '2319837586', '230232486', 203007221375, 1, 0, '1', 202307252146, NULL, NULL, NULL, NULL, 41),
(1125, '2319837587', '230232487', 203007221376, 1, 0, '1', 202307252146, NULL, NULL, NULL, NULL, 41),
(1126, '2319837588', '230232488', 203007221377, 1, 0, '1', 202307252146, NULL, NULL, NULL, NULL, 41),
(1127, '2319837589', '230232489', 203007221378, 1, 0, '1', 202307252146, NULL, NULL, NULL, NULL, 41),
(1128, '2319837590', '230232490', 203007221379, 1, 0, '1', 202307252146, NULL, NULL, NULL, NULL, 41),
(1129, '2319837591', '230232491', 203007221380, 1, 0, '1', 202307252146, NULL, NULL, NULL, NULL, 41),
(1130, '2319837592', '230232492', 203007221381, 1, 0, '1', 202307252146, NULL, NULL, NULL, NULL, 41),
(1131, '2319837593', '230232493', 203007221382, 1, 0, '1', 202307252146, NULL, NULL, NULL, NULL, 41),
(1132, '2319837594', '230232494', 203007221383, 1, 0, '1', 202307252146, NULL, NULL, NULL, NULL, 41),
(1133, '2319837595', '230232495', 203007221384, 1, 0, '1', 202307252146, NULL, NULL, NULL, NULL, 41),
(1134, '2319837596', '230232496', 203007221385, 1, 0, '1', 202307252146, NULL, NULL, NULL, NULL, 41),
(1135, '2319837597', '230232497', 203007221386, 1, 0, '1', 202307252146, NULL, NULL, NULL, NULL, 41),
(1136, '2319837598', '230232498', 203007221387, 1, 0, '1', 202307252146, NULL, NULL, NULL, NULL, 41),
(1137, '2319837599', '230232499', 203007221388, 1, 0, '1', 202307252146, NULL, NULL, NULL, NULL, 41),
(1138, '2319837600', '230232500', 203007221389, 1, 0, '1', 202307252146, NULL, NULL, NULL, NULL, 41),
(1139, '2319837601', '230232501', 203007221390, 1, 0, '1', 202307252146, NULL, NULL, NULL, NULL, 41),
(1140, '2319837602', '230232502', 203007221391, 1, 0, '1', 202307252146, NULL, NULL, NULL, NULL, 41),
(1141, '2319837603', '230232503', 203007221392, 1, 0, '1', 202307252146, NULL, NULL, NULL, NULL, 41),
(1142, '2319837604', '230232504', 203007221393, 1, 0, '1', 202307252146, NULL, NULL, NULL, NULL, 41),
(1143, '2319837605', '230232505', 203007221394, 1, 0, '1', 202307252146, NULL, NULL, NULL, NULL, 41),
(1144, '2319837606', '230232506', 203007221395, 1, 0, '1', 202307252146, NULL, NULL, NULL, NULL, 41),
(1145, '2319837607', '230232507', 203007221396, 1, 0, '1', 202307252146, NULL, NULL, NULL, NULL, 41),
(1146, '2319837608', '230232508', 203007221397, 1, 0, '1', 202307252146, NULL, NULL, NULL, NULL, 41),
(1147, '2319837609', '230232509', 203007221398, 1, 0, '1', 202307252146, NULL, NULL, NULL, NULL, 41),
(1148, '2319837610', '230232510', 203007221399, 1, 0, '1', 202307252146, NULL, NULL, NULL, NULL, 41),
(1149, '1', '230232322', 203007221211, 1, 0, '1', 202307252146, NULL, NULL, NULL, NULL, 40),
(1150, '2', '230232323', 203007221212, 1, 0, '1', 202307252146, NULL, NULL, NULL, NULL, 40),
(1151, '3', '230232324', 203007221213, 1, 0, '1', 202307252146, NULL, NULL, NULL, NULL, 40),
(1152, '4', '230232325', 203007221214, 1, 0, '1', 202307252146, NULL, NULL, NULL, NULL, 40),
(1153, '5', '230232326', 203007221215, 1, 0, '1', 202307252146, NULL, NULL, NULL, NULL, 40),
(1154, '2319837422', '230232322', 203007221211, 1, 0, '1', 202307252147, NULL, NULL, NULL, NULL, 39),
(1155, '2319837423', '230232323', 203007221212, 1, 0, '1', 202307252147, NULL, NULL, NULL, NULL, 39),
(1156, '2319837424', '230232324', 203007221213, 1, 0, '1', 202307252147, NULL, NULL, NULL, NULL, 39),
(1157, '2319837425', '230232325', 203007221214, 1, 0, '1', 202307252147, NULL, NULL, NULL, NULL, 39),
(1158, '2319837426', '230232326', 203007221215, 1, 0, '1', 202307252147, NULL, NULL, NULL, NULL, 39),
(1159, '2319837427', '230232327', 203007221216, 1, 0, '1', 202307252147, NULL, NULL, NULL, NULL, 39),
(1160, '2319837428', '230232328', 203007221217, 1, 0, '1', 202307252147, NULL, NULL, NULL, NULL, 39),
(1161, '2319837429', '230232329', 203007221218, 1, 0, '1', 202307252147, NULL, NULL, NULL, NULL, 39),
(1162, '2319837430', '230232330', 203007221219, 1, 0, '1', 202307252147, NULL, NULL, NULL, NULL, 39),
(1163, '2319837431', '230232331', 203007221220, 1, 0, '1', 202307252147, NULL, NULL, NULL, NULL, 39),
(1164, '2319837432', '230232332', 203007221221, 1, 0, '1', 202307252147, NULL, NULL, NULL, NULL, 39),
(1165, '2319837433', '230232333', 203007221222, 1, 0, '1', 202307252147, NULL, NULL, NULL, NULL, 39),
(1166, '2319837434', '230232334', 203007221223, 1, 0, '1', 202307252147, NULL, NULL, NULL, NULL, 39),
(1167, '2319837435', '230232335', 203007221224, 1, 0, '1', 202307252147, NULL, NULL, NULL, NULL, 39),
(1168, '2319837436', '230232336', 203007221225, 1, 0, '1', 202307252147, NULL, NULL, NULL, NULL, 39),
(1169, '2319837437', '230232337', 203007221226, 1, 0, '1', 202307252147, NULL, NULL, NULL, NULL, 39),
(1170, '2319837438', '230232338', 203007221227, 1, 0, '1', 202307252147, NULL, NULL, NULL, NULL, 39),
(1171, '2319837439', '230232339', 203007221228, 1, 0, '1', 202307252147, NULL, NULL, NULL, NULL, 39),
(1172, '2319837440', '230232340', 203007221229, 1, 0, '1', 202307252147, NULL, NULL, NULL, NULL, 39),
(1173, '2319837441', '230232341', 203007221230, 1, 0, '1', 202307252147, NULL, NULL, NULL, NULL, 39),
(1174, '2319837442', '230232342', 203007221231, 1, 0, '1', 202307252147, NULL, NULL, NULL, NULL, 39),
(1175, '2319837443', '230232343', 203007221232, 1, 0, '1', 202307252147, NULL, NULL, NULL, NULL, 39),
(1176, '2319837444', '230232344', 203007221233, 1, 0, '1', 202307252147, NULL, NULL, NULL, NULL, 39),
(1177, '2319837445', '230232345', 203007221234, 1, 0, '1', 202307252147, NULL, NULL, NULL, NULL, 39),
(1178, '2319837446', '230232346', 203007221235, 1, 0, '1', 202307252147, NULL, NULL, NULL, NULL, 39),
(1179, '2319837447', '230232347', 203007221236, 1, 0, '1', 202307252147, NULL, NULL, NULL, NULL, 39),
(1180, '2319837448', '230232348', 203007221237, 1, 0, '1', 202307252147, NULL, NULL, NULL, NULL, 39),
(1181, '2319837449', '230232349', 203007221238, 1, 0, '1', 202307252147, NULL, NULL, NULL, NULL, 39),
(1182, '2319837450', '230232350', 203007221239, 1, 0, '1', 202307252147, NULL, NULL, NULL, NULL, 39),
(1183, '2319837451', '230232351', 203007221240, 1, 0, '1', 202307252147, NULL, NULL, NULL, NULL, 39),
(1184, '2319837452', '230232352', 203007221241, 1, 0, '1', 202307252147, NULL, NULL, NULL, NULL, 39),
(1185, '2319837453', '230232353', 203007221242, 1, 0, '1', 202307252147, NULL, NULL, NULL, NULL, 39),
(1186, '2319837454', '230232354', 203007221243, 1, 0, '1', 202307252147, NULL, NULL, NULL, NULL, 39),
(1187, '2319837455', '230232355', 203007221244, 1, 0, '1', 202307252147, NULL, NULL, NULL, NULL, 39),
(1188, '2319837456', '230232356', 203007221245, 1, 0, '1', 202307252147, NULL, NULL, NULL, NULL, 39),
(1189, '2319837457', '230232357', 203007221246, 1, 0, '1', 202307252147, NULL, NULL, NULL, NULL, 39),
(1190, '2319837458', '230232358', 203007221247, 1, 0, '1', 202307252147, NULL, NULL, NULL, NULL, 39),
(1191, '2319837459', '230232359', 203007221248, 1, 0, '1', 202307252147, NULL, NULL, NULL, NULL, 39),
(1192, '2319837460', '230232360', 203007221249, 1, 0, '1', 202307252147, NULL, NULL, NULL, NULL, 39),
(1193, '2319837461', '230232361', 203007221250, 1, 0, '1', 202307252147, NULL, NULL, NULL, NULL, 39),
(1194, '2319837462', '230232362', 203007221251, 1, 0, '1', 202307252147, NULL, NULL, NULL, NULL, 39),
(1195, '2319837463', '230232363', 203007221252, 1, 0, '1', 202307252147, NULL, NULL, NULL, NULL, 39),
(1196, '2319837464', '230232364', 203007221253, 1, 0, '1', 202307252147, NULL, NULL, NULL, NULL, 39),
(1197, '2319837465', '230232365', 203007221254, 1, 0, '1', 202307252147, NULL, NULL, NULL, NULL, 39),
(1198, '2319837466', '230232366', 203007221255, 1, 0, '1', 202307252147, NULL, NULL, NULL, NULL, 39),
(1199, '2319837467', '230232367', 203007221256, 1, 0, '1', 202307252147, NULL, NULL, NULL, NULL, 39),
(1200, '2319837468', '230232368', 203007221257, 1, 0, '1', 202307252147, NULL, NULL, NULL, NULL, 39),
(1201, '2319837469', '230232369', 203007221258, 1, 0, '1', 202307252147, NULL, NULL, NULL, NULL, 39),
(1202, '2319837470', '230232370', 203007221259, 1, 0, '1', 202307252147, NULL, NULL, NULL, NULL, 39),
(1203, '2319837471', '230232371', 203007221260, 1, 0, '1', 202307252147, NULL, NULL, NULL, NULL, 39),
(1204, '2319837472', '230232372', 203007221261, 1, 0, '1', 202307252147, NULL, NULL, NULL, NULL, 39),
(1205, '2319837473', '230232373', 203007221262, 1, 0, '1', 202307252147, NULL, NULL, NULL, NULL, 39),
(1206, '2319837474', '230232374', 203007221263, 1, 0, '1', 202307252147, NULL, NULL, NULL, NULL, 39),
(1207, '2319837475', '230232375', 203007221264, 1, 0, '1', 202307252147, NULL, NULL, NULL, NULL, 39),
(1208, '2319837476', '230232376', 203007221265, 1, 0, '1', 202307252147, NULL, NULL, NULL, NULL, 39),
(1209, '2319837477', '230232377', 203007221266, 1, 0, '1', 202307252147, NULL, NULL, NULL, NULL, 39),
(1210, '2319837478', '230232378', 203007221267, 1, 0, '1', 202307252147, NULL, NULL, NULL, NULL, 39),
(1211, '2319837479', '230232379', 203007221268, 1, 0, '1', 202307252147, NULL, NULL, NULL, NULL, 39),
(1212, '2319837480', '230232380', 203007221269, 1, 0, '1', 202307252147, NULL, NULL, NULL, NULL, 39),
(1213, '2319837481', '230232381', 203007221270, 1, 0, '1', 202307252147, NULL, NULL, NULL, NULL, 39),
(1214, '2319837482', '230232382', 203007221271, 1, 0, '1', 202307252147, NULL, NULL, NULL, NULL, 39),
(1215, '2319837483', '230232383', 203007221272, 1, 0, '1', 202307252147, NULL, NULL, NULL, NULL, 39),
(1216, '2319837484', '230232384', 203007221273, 1, 0, '1', 202307252147, NULL, NULL, NULL, NULL, 39),
(1217, '2319837485', '230232385', 203007221274, 1, 0, '1', 202307252147, NULL, NULL, NULL, NULL, 39),
(1218, '2319837486', '230232386', 203007221275, 1, 0, '1', 202307252147, NULL, NULL, NULL, NULL, 39),
(1219, '2319837487', '230232387', 203007221276, 1, 0, '1', 202307252147, NULL, NULL, NULL, NULL, 39),
(1220, '2319837488', '230232388', 203007221277, 1, 0, '1', 202307252147, NULL, NULL, NULL, NULL, 39),
(1221, '2319837489', '230232389', 203007221278, 1, 0, '1', 202307252147, NULL, NULL, NULL, NULL, 39),
(1222, '2319837490', '230232390', 203007221279, 1, 0, '1', 202307252147, NULL, NULL, NULL, NULL, 39),
(1223, '2319837491', '230232391', 203007221280, 1, 0, '1', 202307252147, NULL, NULL, NULL, NULL, 39),
(1224, '2319837492', '230232392', 203007221281, 1, 0, '1', 202307252147, NULL, NULL, NULL, NULL, 39),
(1225, '2319837493', '230232393', 203007221282, 1, 0, '1', 202307252147, NULL, NULL, NULL, NULL, 39),
(1226, '2319837494', '230232394', 203007221283, 1, 0, '1', 202307252147, NULL, NULL, NULL, NULL, 39),
(1227, '2319837495', '230232395', 203007221284, 1, 0, '1', 202307252147, NULL, NULL, NULL, NULL, 39),
(1228, '2319837496', '230232396', 203007221285, 1, 0, '1', 202307252147, NULL, NULL, NULL, NULL, 39),
(1229, '2319837497', '230232397', 203007221286, 1, 0, '1', 202307252147, NULL, NULL, NULL, NULL, 39),
(1230, '2319837498', '230232398', 203007221287, 1, 0, '1', 202307252147, NULL, NULL, NULL, NULL, 39),
(1231, '2319837499', '230232399', 203007221288, 1, 0, '1', 202307252147, NULL, NULL, NULL, NULL, 39),
(1232, '2319837500', '230232400', 203007221289, 1, 0, '1', 202307252147, NULL, NULL, NULL, NULL, 39),
(1233, '2319837501', '230232401', 203007221290, 1, 0, '1', 202307252147, NULL, NULL, NULL, NULL, 39),
(1234, '2319837502', '230232402', 203007221291, 1, 0, '1', 202307252147, NULL, NULL, NULL, NULL, 39),
(1235, '2319837503', '230232403', 203007221292, 1, 0, '1', 202307252147, NULL, NULL, NULL, NULL, 39),
(1236, '2319837504', '230232404', 203007221293, 1, 0, '1', 202307252147, NULL, NULL, NULL, NULL, 39),
(1237, '2319837505', '230232405', 203007221294, 1, 0, '1', 202307252147, NULL, NULL, NULL, NULL, 39),
(1238, '2319837506', '230232406', 203007221295, 1, 0, '1', 202307252147, NULL, NULL, NULL, NULL, 39),
(1239, '2319837507', '230232407', 203007221296, 1, 0, '1', 202307252147, NULL, NULL, NULL, NULL, 39),
(1240, '2319837508', '230232408', 203007221297, 1, 0, '1', 202307252147, NULL, NULL, NULL, NULL, 39),
(1241, '2319837509', '230232409', 203007221298, 1, 0, '1', 202307252147, NULL, NULL, NULL, NULL, 39),
(1242, '2319837510', '230232410', 203007221299, 1, 0, '1', 202307252147, NULL, NULL, NULL, NULL, 39),
(1243, '2319837511', '230232411', 203007221300, 1, 0, '1', 202307252147, NULL, NULL, NULL, NULL, 39),
(1244, '2319837512', '230232412', 203007221301, 1, 0, '1', 202307252147, NULL, NULL, NULL, NULL, 39),
(1245, '2319837513', '230232413', 203007221302, 1, 0, '1', 202307252147, NULL, NULL, NULL, NULL, 39),
(1246, '2319837514', '230232414', 203007221303, 1, 0, '1', 202307252147, NULL, NULL, NULL, NULL, 39),
(1247, '2319837515', '230232415', 203007221304, 1, 0, '1', 202307252147, NULL, NULL, NULL, NULL, 39),
(1248, '2319837516', '230232416', 203007221305, 1, 0, '1', 202307252147, NULL, NULL, NULL, NULL, 39),
(1249, '2319837517', '230232417', 203007221306, 1, 0, '1', 202307252147, NULL, NULL, NULL, NULL, 39),
(1250, '2319837518', '230232418', 203007221307, 1, 0, '1', 202307252147, NULL, NULL, NULL, NULL, 39),
(1251, '2319837519', '230232419', 203007221308, 1, 0, '1', 202307252147, NULL, NULL, NULL, NULL, 39),
(1252, '2319837520', '230232420', 203007221309, 1, 0, '1', 202307252147, NULL, NULL, NULL, NULL, 39),
(1253, '2319837521', '230232421', 203007221310, 1, 0, '1', 202307252147, NULL, NULL, NULL, NULL, 39),
(1254, '2319837522', '230232422', 203007221311, 1, 0, '1', 202307252147, NULL, NULL, NULL, NULL, 39),
(1255, '2319837523', '230232423', 203007221312, 1, 0, '1', 202307252147, NULL, NULL, NULL, NULL, 39),
(1256, '2319837524', '230232424', 203007221313, 1, 0, '1', 202307252147, NULL, NULL, NULL, NULL, 39),
(1257, '2319837525', '230232425', 203007221314, 1, 0, '1', 202307252147, NULL, NULL, NULL, NULL, 39),
(1258, '2319837526', '230232426', 203007221315, 1, 0, '1', 202307252147, NULL, NULL, NULL, NULL, 39),
(1259, '2319837527', '230232427', 203007221316, 1, 0, '1', 202307252147, NULL, NULL, NULL, NULL, 39),
(1260, '2319837528', '230232428', 203007221317, 1, 0, '1', 202307252147, NULL, NULL, NULL, NULL, 39),
(1261, '2319837529', '230232429', 203007221318, 1, 0, '1', 202307252147, NULL, NULL, NULL, NULL, 39),
(1262, '2319837530', '230232430', 203007221319, 1, 0, '1', 202307252147, NULL, NULL, NULL, NULL, 39),
(1263, '2319837531', '230232431', 203007221320, 1, 0, '1', 202307252147, NULL, NULL, NULL, NULL, 39),
(1264, '2319837532', '230232432', 203007221321, 1, 0, '1', 202307252147, NULL, NULL, NULL, NULL, 39),
(1265, '2319837533', '230232433', 203007221322, 1, 0, '1', 202307252147, NULL, NULL, NULL, NULL, 39),
(1266, '2319837534', '230232434', 203007221323, 1, 0, '1', 202307252147, NULL, NULL, NULL, NULL, 39);
INSERT INTO `storage` (`id`, `seri`, `code`, `expiryDate`, `status`, `isDelete`, `createdBy`, `createdAt`, `updatedBy`, `updatedAt`, `deletedAt`, `deletedBy`, `product`) VALUES
(1267, '2319837535', '230232435', 203007221324, 1, 0, '1', 202307252147, NULL, NULL, NULL, NULL, 39),
(1268, '2319837536', '230232436', 203007221325, 1, 0, '1', 202307252147, NULL, NULL, NULL, NULL, 39),
(1269, '2319837537', '230232437', 203007221326, 1, 0, '1', 202307252147, NULL, NULL, NULL, NULL, 39),
(1270, '2319837538', '230232438', 203007221327, 1, 0, '1', 202307252147, NULL, NULL, NULL, NULL, 39),
(1271, '2319837539', '230232439', 203007221328, 1, 0, '1', 202307252147, NULL, NULL, NULL, NULL, 39),
(1272, '2319837540', '230232440', 203007221329, 1, 0, '1', 202307252147, NULL, NULL, NULL, NULL, 39),
(1273, '2319837541', '230232441', 203007221330, 1, 0, '1', 202307252147, NULL, NULL, NULL, NULL, 39),
(1274, '2319837542', '230232442', 203007221331, 1, 0, '1', 202307252147, NULL, NULL, NULL, NULL, 39),
(1275, '2319837543', '230232443', 203007221332, 1, 0, '1', 202307252147, NULL, NULL, NULL, NULL, 39),
(1276, '2319837544', '230232444', 203007221333, 1, 0, '1', 202307252147, NULL, NULL, NULL, NULL, 39),
(1277, '2319837545', '230232445', 203007221334, 1, 0, '1', 202307252147, NULL, NULL, NULL, NULL, 39),
(1278, '2319837546', '230232446', 203007221335, 1, 0, '1', 202307252147, NULL, NULL, NULL, NULL, 39),
(1279, '2319837547', '230232447', 203007221336, 1, 0, '1', 202307252147, NULL, NULL, NULL, NULL, 39),
(1280, '2319837548', '230232448', 203007221337, 1, 0, '1', 202307252147, NULL, NULL, NULL, NULL, 39),
(1281, '2319837549', '230232449', 203007221338, 1, 0, '1', 202307252147, NULL, NULL, NULL, NULL, 39),
(1282, '2319837550', '230232450', 203007221339, 1, 0, '1', 202307252147, NULL, NULL, NULL, NULL, 39),
(1283, '2319837551', '230232451', 203007221340, 1, 0, '1', 202307252147, NULL, NULL, NULL, NULL, 39),
(1284, '2319837552', '230232452', 203007221341, 1, 0, '1', 202307252147, NULL, NULL, NULL, NULL, 39),
(1285, '2319837553', '230232453', 203007221342, 1, 0, '1', 202307252147, NULL, NULL, NULL, NULL, 39),
(1286, '2319837554', '230232454', 203007221343, 1, 0, '1', 202307252147, NULL, NULL, NULL, NULL, 39),
(1287, '2319837555', '230232455', 203007221344, 1, 0, '1', 202307252147, NULL, NULL, NULL, NULL, 39),
(1288, '2319837556', '230232456', 203007221345, 1, 0, '1', 202307252147, NULL, NULL, NULL, NULL, 39),
(1289, '2319837557', '230232457', 203007221346, 1, 0, '1', 202307252147, NULL, NULL, NULL, NULL, 39),
(1290, '2319837558', '230232458', 203007221347, 1, 0, '1', 202307252147, NULL, NULL, NULL, NULL, 39),
(1291, '2319837559', '230232459', 203007221348, 1, 0, '1', 202307252147, NULL, NULL, NULL, NULL, 39),
(1292, '2319837560', '230232460', 203007221349, 1, 0, '1', 202307252147, NULL, NULL, NULL, NULL, 39),
(1293, '2319837561', '230232461', 203007221350, 1, 0, '1', 202307252147, NULL, NULL, NULL, NULL, 39),
(1294, '2319837562', '230232462', 203007221351, 1, 0, '1', 202307252147, NULL, NULL, NULL, NULL, 39),
(1295, '2319837563', '230232463', 203007221352, 1, 0, '1', 202307252147, NULL, NULL, NULL, NULL, 39),
(1296, '2319837564', '230232464', 203007221353, 1, 0, '1', 202307252147, NULL, NULL, NULL, NULL, 39),
(1297, '2319837565', '230232465', 203007221354, 1, 0, '1', 202307252147, NULL, NULL, NULL, NULL, 39),
(1298, '2319837566', '230232466', 203007221355, 1, 0, '1', 202307252147, NULL, NULL, NULL, NULL, 39),
(1299, '2319837567', '230232467', 203007221356, 1, 0, '1', 202307252147, NULL, NULL, NULL, NULL, 39),
(1300, '2319837568', '230232468', 203007221357, 1, 0, '1', 202307252147, NULL, NULL, NULL, NULL, 39),
(1301, '2319837569', '230232469', 203007221358, 1, 0, '1', 202307252147, NULL, NULL, NULL, NULL, 39),
(1302, '2319837570', '230232470', 203007221359, 1, 0, '1', 202307252147, NULL, NULL, NULL, NULL, 39),
(1303, '2319837571', '230232471', 203007221360, 1, 0, '1', 202307252147, NULL, NULL, NULL, NULL, 39),
(1304, '2319837572', '230232472', 203007221361, 1, 0, '1', 202307252147, NULL, NULL, NULL, NULL, 39),
(1305, '2319837573', '230232473', 203007221362, 1, 0, '1', 202307252147, NULL, NULL, NULL, NULL, 39),
(1306, '2319837574', '230232474', 203007221363, 1, 0, '1', 202307252147, NULL, NULL, NULL, NULL, 39),
(1307, '2319837575', '230232475', 203007221364, 1, 0, '1', 202307252147, NULL, NULL, NULL, NULL, 39),
(1308, '2319837576', '230232476', 203007221365, 1, 0, '1', 202307252147, NULL, NULL, NULL, NULL, 39),
(1309, '2319837577', '230232477', 203007221366, 1, 0, '1', 202307252147, NULL, NULL, NULL, NULL, 39),
(1310, '2319837578', '230232478', 203007221367, 1, 0, '1', 202307252147, NULL, NULL, NULL, NULL, 39),
(1311, '2319837579', '230232479', 203007221368, 1, 0, '1', 202307252147, NULL, NULL, NULL, NULL, 39),
(1312, '2319837580', '230232480', 203007221369, 1, 0, '1', 202307252147, NULL, NULL, NULL, NULL, 39),
(1313, '2319837581', '230232481', 203007221370, 1, 0, '1', 202307252147, NULL, NULL, NULL, NULL, 39),
(1314, '2319837582', '230232482', 203007221371, 1, 0, '1', 202307252147, NULL, NULL, NULL, NULL, 39),
(1315, '2319837583', '230232483', 203007221372, 1, 0, '1', 202307252147, NULL, NULL, NULL, NULL, 39),
(1316, '2319837584', '230232484', 203007221373, 1, 0, '1', 202307252147, NULL, NULL, NULL, NULL, 39),
(1317, '2319837585', '230232485', 203007221374, 1, 0, '1', 202307252147, NULL, NULL, NULL, NULL, 39),
(1318, '2319837586', '230232486', 203007221375, 1, 0, '1', 202307252147, NULL, NULL, NULL, NULL, 39),
(1319, '2319837587', '230232487', 203007221376, 1, 0, '1', 202307252147, NULL, NULL, NULL, NULL, 39),
(1320, '2319837588', '230232488', 203007221377, 1, 0, '1', 202307252147, NULL, NULL, NULL, NULL, 39),
(1321, '2319837589', '230232489', 203007221378, 1, 0, '1', 202307252147, NULL, NULL, NULL, NULL, 39),
(1322, '2319837590', '230232490', 203007221379, 1, 0, '1', 202307252147, NULL, NULL, NULL, NULL, 39),
(1323, '2319837591', '230232491', 203007221380, 1, 0, '1', 202307252147, NULL, NULL, NULL, NULL, 39),
(1324, '2319837592', '230232492', 203007221381, 1, 0, '1', 202307252147, NULL, NULL, NULL, NULL, 39),
(1325, '2319837593', '230232493', 203007221382, 1, 0, '1', 202307252147, NULL, NULL, NULL, NULL, 39),
(1326, '2319837594', '230232494', 203007221383, 1, 0, '1', 202307252147, NULL, NULL, NULL, NULL, 39),
(1327, '2319837595', '230232495', 203007221384, 1, 0, '1', 202307252147, NULL, NULL, NULL, NULL, 39),
(1328, '2319837596', '230232496', 203007221385, 1, 0, '1', 202307252147, NULL, NULL, NULL, NULL, 39),
(1329, '2319837597', '230232497', 203007221386, 1, 0, '1', 202307252147, NULL, NULL, NULL, NULL, 39),
(1330, '2319837598', '230232498', 203007221387, 1, 0, '1', 202307252147, NULL, NULL, NULL, NULL, 39),
(1331, '2319837599', '230232499', 203007221388, 1, 0, '1', 202307252147, NULL, NULL, NULL, NULL, 39),
(1332, '2319837600', '230232500', 203007221389, 1, 0, '1', 202307252147, NULL, NULL, NULL, NULL, 39),
(1333, '2319837601', '230232501', 203007221390, 1, 0, '1', 202307252147, NULL, NULL, NULL, NULL, 39),
(1334, '2319837602', '230232502', 203007221391, 1, 0, '1', 202307252147, NULL, NULL, NULL, NULL, 39),
(1335, '2319837603', '230232503', 203007221392, 1, 0, '1', 202307252147, NULL, NULL, NULL, NULL, 39),
(1336, '2319837604', '230232504', 203007221393, 1, 0, '1', 202307252147, NULL, NULL, NULL, NULL, 39),
(1337, '2319837605', '230232505', 203007221394, 1, 0, '1', 202307252147, NULL, NULL, NULL, NULL, 39),
(1338, '2319837606', '230232506', 203007221395, 1, 0, '1', 202307252147, NULL, NULL, NULL, NULL, 39),
(1339, '2319837607', '230232507', 203007221396, 1, 0, '1', 202307252147, NULL, NULL, NULL, NULL, 39),
(1340, '2319837608', '230232508', 203007221397, 1, 0, '1', 202307252147, NULL, NULL, NULL, NULL, 39),
(1341, '2319837609', '230232509', 203007221398, 1, 0, '1', 202307252147, NULL, NULL, NULL, NULL, 39),
(1342, '2319837610', '230232510', 203007221399, 1, 0, '1', 202307252147, NULL, NULL, NULL, NULL, 39),
(1343, '25896312', '230232322', 203007221211, 1, 0, '1', 202307252150, NULL, NULL, NULL, NULL, 38),
(1344, '25896322', '230232323', 203007221212, 1, 0, '1', 202307252150, NULL, NULL, NULL, NULL, 38),
(1345, '25896332', '230232324', 203007221213, 1, 0, '1', 202307252150, NULL, NULL, NULL, NULL, 38),
(1346, '25896342', '230232325', 203007221214, 1, 0, '1', 202307252150, NULL, NULL, NULL, NULL, 38),
(1347, '25896352', '230232326', 203007221215, 1, 0, '1', 202307252150, NULL, NULL, NULL, NULL, 38),
(1348, '25896312', '230232322', 203007221211, 1, 0, '1', 202307252150, NULL, NULL, NULL, NULL, 36),
(1349, '25896322', '230232323', 203007221212, 1, 0, '1', 202307252150, NULL, NULL, NULL, NULL, 36),
(1350, '25896332', '230232324', 203007221213, 1, 0, '1', 202307252150, NULL, NULL, NULL, NULL, 36),
(1351, '25896342', '230232325', 203007221214, 1, 0, '1', 202307252150, NULL, NULL, NULL, NULL, 36),
(1352, '25896352', '230232326', 203007221215, 1, 0, '1', 202307252150, NULL, NULL, NULL, NULL, 36),
(1353, '25896312', '230232322', 203007221211, 1, 0, '1', 202307252151, NULL, NULL, NULL, NULL, 31),
(1354, '25896322', '230232323', 203007221212, 1, 0, '1', 202307252151, NULL, NULL, NULL, NULL, 31),
(1355, '25896332', '230232324', 203007221213, 1, 0, '1', 202307252151, NULL, NULL, NULL, NULL, 31),
(1356, '25896342', '230232325', 203007221214, 1, 0, '1', 202307252151, NULL, NULL, NULL, NULL, 31),
(1357, '25896352', '230232326', 203007221215, 1, 0, '1', 202307252151, NULL, NULL, NULL, NULL, 31),
(1358, '25896312', '230232322', 203007221211, 1, 0, '1', 202307252151, NULL, NULL, NULL, NULL, 30),
(1359, '25896322', '230232323', 203007221212, 1, 0, '1', 202307252151, NULL, NULL, NULL, NULL, 30),
(1360, '25896332', '230232324', 203007221213, 1, 0, '1', 202307252151, NULL, NULL, NULL, NULL, 30),
(1361, '25896342', '230232325', 203007221214, 1, 0, '1', 202307252151, NULL, NULL, NULL, NULL, 30),
(1362, '25896352', '230232326', 203007221215, 1, 0, '1', 202307252151, NULL, NULL, NULL, NULL, 30),
(1363, '25896312', '230232322', 203007221211, 1, 0, '1', 202307252151, NULL, NULL, NULL, NULL, 29),
(1364, '25896322', '230232323', 203007221212, 1, 0, '1', 202307252151, NULL, NULL, NULL, NULL, 29),
(1365, '25896332', '230232324', 203007221213, 1, 0, '1', 202307252151, NULL, NULL, NULL, NULL, 29),
(1366, '25896342', '230232325', 203007221214, 1, 0, '1', 202307252151, NULL, NULL, NULL, NULL, 29),
(1367, '25896352', '230232326', 203007221215, 1, 0, '1', 202307252151, NULL, NULL, NULL, NULL, 29),
(1368, '25896312', '230232322', 203007221211, 1, 0, '1', 202307252151, NULL, NULL, NULL, NULL, 28),
(1369, '25896322', '230232323', 203007221212, 1, 0, '1', 202307252151, NULL, NULL, NULL, NULL, 28),
(1370, '25896332', '230232324', 203007221213, 1, 0, '1', 202307252151, NULL, NULL, NULL, NULL, 28),
(1371, '25896342', '230232325', 203007221214, 1, 0, '1', 202307252151, NULL, NULL, NULL, NULL, 28),
(1372, '25896352', '230232326', 203007221215, 1, 0, '1', 202307252151, NULL, NULL, NULL, NULL, 28),
(1373, '25896312', '230232322', 203007221211, 0, 0, '1', 202307252151, NULL, NULL, NULL, NULL, 27),
(1374, '25896322', '230232323', 203007221212, 1, 0, '1', 202307252151, NULL, NULL, NULL, NULL, 27),
(1375, '25896332', '230232324', 203007221213, 1, 0, '1', 202307252151, NULL, NULL, NULL, NULL, 27),
(1376, '25896342', '230232325', 203007221214, 1, 0, '1', 202307252151, NULL, NULL, NULL, NULL, 27),
(1377, '25896352', '230232326', 203007221215, 1, 0, '1', 202307252151, NULL, NULL, NULL, NULL, 27),
(1378, '25896312', '230232322', 203007221211, 0, 0, '1', 202307252151, NULL, NULL, NULL, NULL, 26),
(1379, '25896322', '230232323', 203007221212, 0, 0, '1', 202307252151, NULL, NULL, NULL, NULL, 26),
(1380, '25896332', '230232324', 203007221213, 0, 0, '1', 202307252151, NULL, NULL, NULL, NULL, 26),
(1381, '25896342', '230232325', 203007221214, 1, 0, '1', 202307252151, NULL, NULL, NULL, NULL, 26),
(1382, '25896352', '230232326', 203007221215, 1, 0, '1', 202307252151, NULL, NULL, NULL, NULL, 26),
(1383, '25896312', '230232322', 203007221211, 0, 0, '1', 202307252151, NULL, NULL, NULL, NULL, 25),
(1384, '25896322', '230232323', 203007221212, 1, 0, '1', 202307252151, NULL, NULL, NULL, NULL, 25),
(1385, '25896332', '230232324', 203007221213, 1, 0, '1', 202307252151, NULL, NULL, NULL, NULL, 25),
(1386, '25896342', '230232325', 203007221214, 1, 0, '1', 202307252151, NULL, NULL, NULL, NULL, 25),
(1387, '25896352', '230232326', 203007221215, 1, 0, '1', 202307252151, NULL, NULL, NULL, NULL, 25),
(1388, '25896312', '230232322', 203007221211, 0, 0, '1', 202307252152, NULL, NULL, NULL, NULL, 24),
(1389, '25896322', '230232323', 203007221212, 1, 0, '1', 202307252152, NULL, NULL, NULL, NULL, 24),
(1390, '25896332', '230232324', 203007221213, 1, 0, '1', 202307252152, NULL, NULL, NULL, NULL, 24),
(1391, '25896342', '230232325', 203007221214, 1, 0, '1', 202307252152, NULL, NULL, NULL, NULL, 24),
(1392, '25896352', '230232326', 203007221215, 1, 0, '1', 202307252152, NULL, NULL, NULL, NULL, 24),
(1393, '25896312', '230232322', 203007221211, 1, 0, '1', 202307252152, NULL, NULL, NULL, NULL, 22),
(1394, '25896322', '230232323', 203007221212, 1, 0, '1', 202307252152, NULL, NULL, NULL, NULL, 22),
(1395, '25896332', '230232324', 203007221213, 1, 0, '1', 202307252152, NULL, NULL, NULL, NULL, 22),
(1396, '25896342', '230232325', 203007221214, 1, 0, '1', 202307252152, NULL, NULL, NULL, NULL, 22),
(1397, '25896352', '230232326', 203007221215, 1, 0, '1', 202307252152, NULL, NULL, NULL, NULL, 22),
(1398, '25896312', '230232322', 203007221211, 1, 0, '1', 202307252152, NULL, NULL, NULL, NULL, 18),
(1399, '25896322', '230232323', 203007221212, 1, 0, '1', 202307252152, NULL, NULL, NULL, NULL, 18),
(1400, '25896332', '230232324', 203007221213, 1, 0, '1', 202307252152, NULL, NULL, NULL, NULL, 18),
(1401, '25896342', '230232325', 203007221214, 1, 0, '1', 202307252152, NULL, NULL, NULL, NULL, 18),
(1402, '25896352', '230232326', 203007221215, 1, 0, '1', 202307252152, NULL, NULL, NULL, NULL, 18),
(1403, '25896312', '230232322', 203007221211, 1, 0, '1', 202307252152, NULL, NULL, NULL, NULL, 17),
(1404, '25896322', '230232323', 203007221212, 1, 0, '1', 202307252152, NULL, NULL, NULL, NULL, 17),
(1405, '25896332', '230232324', 203007221213, 1, 0, '1', 202307252152, NULL, NULL, NULL, NULL, 17),
(1406, '25896342', '230232325', 203007221214, 1, 0, '1', 202307252152, NULL, NULL, NULL, NULL, 17),
(1407, '25896352', '230232326', 203007221215, 1, 0, '1', 202307252152, NULL, NULL, NULL, NULL, 17),
(1408, '25896312', '230232322', 203007221211, 1, 0, '1', 202307252152, NULL, NULL, NULL, NULL, 14),
(1409, '25896322', '230232323', 203007221212, 1, 0, '1', 202307252152, NULL, NULL, NULL, NULL, 14),
(1410, '25896332', '230232324', 203007221213, 1, 0, '1', 202307252152, NULL, NULL, NULL, NULL, 14),
(1411, '25896342', '230232325', 203007221214, 1, 0, '1', 202307252152, NULL, NULL, NULL, NULL, 14),
(1412, '25896352', '230232326', 203007221215, 1, 0, '1', 202307252152, NULL, NULL, NULL, NULL, 14),
(1413, '25896312', '230232322', 203007221211, 0, 0, '1', 202307252152, NULL, NULL, NULL, NULL, 2),
(1414, '25896322', '230232323', 203007221212, 0, 0, '1', 202307252152, NULL, NULL, NULL, NULL, 2),
(1415, '25896332', '230232324', 203007221213, 0, 0, '1', 202307252152, NULL, NULL, NULL, NULL, 2),
(1416, '25896342', '230232325', 203007221214, 0, 0, '1', 202307252152, NULL, NULL, NULL, NULL, 2),
(1417, '25896352', '230232326', 203007221215, 0, 0, '1', 202307252152, NULL, NULL, NULL, NULL, 2),
(1418, '25896312', '230232322', 203007221211, 0, 0, '1', 202307252152, NULL, NULL, NULL, NULL, 1),
(1419, '25896322', '230232323', 203007221212, 0, 0, '1', 202307252152, NULL, NULL, NULL, NULL, 1),
(1420, '25896332', '230232324', 203007221213, 0, 0, '1', 202307252152, NULL, NULL, NULL, NULL, 1),
(1421, '25896342', '230232325', 203007221214, 0, 0, '1', 202307252152, NULL, NULL, NULL, NULL, 1),
(1422, '25896352', '230232326', 203007221215, 0, 0, '1', 202307252152, NULL, NULL, NULL, NULL, 1);

-- --------------------------------------------------------

--
-- Cấu trúc bảng cho bảng `transaction`
--

CREATE TABLE `transaction` (
  `id` int(11) NOT NULL,
  `createdAt` bigint(20) DEFAULT NULL,
  `createdBy` varchar(250) DEFAULT NULL,
  `deletedBy` varchar(250) DEFAULT NULL,
  `updatedBy` varchar(250) DEFAULT NULL,
  `updatedAt` bigint(20) DEFAULT NULL,
  `deletedAt` bigint(20) DEFAULT NULL,
  `isDelete` int(1) NOT NULL DEFAULT 0,
  `user` int(11) NOT NULL,
  `order` int(11) NOT NULL,
  `description` varchar(10000) NOT NULL,
  `type` varchar(250) NOT NULL,
  `money` int(11) NOT NULL,
  `status` int(1) NOT NULL DEFAULT 1
) ENGINE=InnoDB DEFAULT CHARSET=utf8mb4 COLLATE=utf8mb4_general_ci;

--
-- Đang đổ dữ liệu cho bảng `transaction`
--

INSERT INTO `transaction` (`id`, `createdAt`, `createdBy`, `deletedBy`, `updatedBy`, `updatedAt`, `deletedAt`, `isDelete`, `user`, `order`, `description`, `type`, `money`, `status`) VALUES
(728, 202307252157, '1', NULL, NULL, NULL, NULL, 0, 1, 484, 'Mua sản phẩm VINA 20k', 'Trừ tiền', 20000, 1),
(729, 202307252157, '1', NULL, NULL, NULL, NULL, 0, 1, 484, 'Mua sản phẩm VINA 20k', 'Cộng tiền', 20000, 1),
(730, 202307252158, '1', NULL, NULL, NULL, NULL, 0, 1, 485, 'Mua sản phẩm Viettel 50k', 'Trừ tiền', 50000, 1),
(731, 202307252158, '1', NULL, NULL, NULL, NULL, 0, 1, 485, 'Mua sản phẩm Viettel 50k', 'Cộng tiền', 50000, 1),
(732, 202307252158, '1', NULL, NULL, NULL, NULL, 0, 1, 486, 'Mua sản phẩm Viettel 500k', 'Trừ tiền', 500000, 1),
(733, 202307252158, '1', NULL, NULL, NULL, NULL, 0, 1, 486, 'Mua sản phẩm Viettel 500k', 'Cộng tiền', 500000, 1),
(734, 202307252158, '1', NULL, NULL, NULL, NULL, 0, 1, 487, 'Mua sản phẩm Vinaphone 10k', 'Trừ tiền', 10000, 1),
(735, 202307252158, '1', NULL, NULL, NULL, NULL, 0, 1, 487, 'Mua sản phẩm Vinaphone 10k', 'Cộng tiền', 10000, 1),
(736, 202307252159, '1', NULL, NULL, NULL, NULL, 0, 1, 488, 'Mua sản phẩm Vinaphone 20k', 'Trừ tiền', 20000, 1),
(737, 202307252159, '1', NULL, NULL, NULL, NULL, 0, 1, 488, 'Mua sản phẩm Vinaphone 20k', 'Cộng tiền', 20000, 1),
(738, 202307252159, '1', NULL, NULL, NULL, NULL, 0, 1, 489, 'Mua sản phẩm Vinaphone 50k', 'Trừ tiền', 50000, 1),
(739, 202307252159, '1', NULL, NULL, NULL, NULL, 0, 1, 489, 'Mua sản phẩm Vinaphone 50k', 'Cộng tiền', 50000, 1),
(740, 202307260004, '1', NULL, NULL, NULL, NULL, 0, 1, 490, 'Mua sản phẩm VINA 20k', 'Trừ tiền', 20000, 1),
(741, 202307260004, '1', NULL, NULL, NULL, NULL, 0, 1, 490, 'Mua sản phẩm VINA 20k', 'Cộng tiền', 20000, 1),
(742, 202307260005, '1', NULL, NULL, NULL, NULL, 0, 1, 491, 'Mua sản phẩm VINA 20k', 'Trừ tiền', 60000, 1),
(743, 202307260005, '1', NULL, NULL, NULL, NULL, 0, 1, 491, 'Mua sản phẩm VINA 20k', 'Cộng tiền', 60000, 1),
(744, 202307260007, '1', NULL, NULL, NULL, NULL, 0, 1, 492, 'Mua sản phẩm Viettel 50k', 'Trừ tiền', 200000, 1),
(745, 202307260007, '1', NULL, NULL, NULL, NULL, 0, 1, 492, 'Mua sản phẩm Viettel 50k', 'Cộng tiền', 200000, 1),
(746, 202307260730, '2', NULL, NULL, NULL, NULL, 0, 2, 493, 'Mua sản phẩm Vietnamobile 200k', 'Trừ tiền', 800000, 1),
(747, 202307260730, '2', NULL, NULL, NULL, NULL, 0, 1, 493, 'Mua sản phẩm Vietnamobile 200k', 'Cộng tiền', 800000, 1),
(748, 202307260746, '39', NULL, NULL, NULL, NULL, 0, 39, 494, 'Mua sản phẩm Vietnamobile 10k', 'Trừ tiền', 140000, 1),
(749, 202307260746, '39', NULL, NULL, NULL, NULL, 0, 1, 494, 'Mua sản phẩm Vietnamobile 10k', 'Cộng tiền', 140000, 1),
(750, 202307261019, '1', NULL, NULL, NULL, NULL, 0, 1, 495, 'Mua sản phẩm Vinaphone 20k', 'Trừ tiền', 40000, 1),
(751, 202307261019, '1', NULL, NULL, NULL, NULL, 0, 1, 495, 'Mua sản phẩm Vinaphone 20k', 'Cộng tiền', 40000, 1);

-- --------------------------------------------------------

--
-- Cấu trúc bảng cho bảng `user`
--

CREATE TABLE `user` (
  `id` int(11) NOT NULL,
  `name` varchar(250) NOT NULL,
  `phone` varchar(250) NOT NULL,
  `email` varchar(250) NOT NULL,
  `role` int(1) NOT NULL,
  `account` varchar(250) NOT NULL,
  `password` varchar(250) NOT NULL,
  `isDelete` int(1) NOT NULL DEFAULT 0,
  `createdBy` varchar(250) DEFAULT NULL,
  `deletedBy` varchar(250) DEFAULT NULL,
  `updatedBy` varchar(250) DEFAULT NULL,
  `createdAt` bigint(20) DEFAULT NULL,
  `updatedAt` bigint(20) DEFAULT NULL,
  `deletedAt` bigint(20) DEFAULT NULL,
  `balance` int(11) NOT NULL DEFAULT 500000,
  `activityLog` longtext DEFAULT NULL
) ENGINE=InnoDB DEFAULT CHARSET=utf8mb4 COLLATE=utf8mb4_general_ci;

--
-- Đang đổ dữ liệu cho bảng `user`
--

INSERT INTO `user` (`id`, `name`, `phone`, `email`, `role`, `account`, `password`, `isDelete`, `createdBy`, `deletedBy`, `updatedBy`, `createdAt`, `updatedAt`, `deletedAt`, `balance`, `activityLog`) VALUES
(1, 'Admin1', '0388828598', 'sontungnd98@gmail.com', 1, 'admin1', 'D3NSjWjXX5uhVxmiXhmziBcY5qE=', 0, NULL, NULL, '1', 202305170136, 202307201240, NULL, 218263647, '[{\"createdAt\":202307172151,\"nameBeforeChange\":\"Admin11\",\"emailBeforeChange\":\"sontungnd98@gmail.com\",\"createdby\":\"1\",\"id\":1,\"type\":\"Update profile\",\"phoneBeforeChange\":\"01234541842\"}]'),
(2, 'Tung Pham 1103', '0388828598', 'tungpmshe130687@gmail.com', 2, 'user1', 'D3NSjWjXX5uhVxmiXhmziBcY5qE=', 0, NULL, NULL, '1', 202301170136, 202307211953, NULL, 811490000, '[{\"createdAt\":202307172137,\"nameBeforeChange\":\"Phạm Mai SơnTung1\",\"emailBeforeChange\":\"tungpmshe130687@gmail.com\",\"createdby\":\"2\",\"id\":1,\"type\":\"Update profile\",\"phoneBeforeChange\":\"0388828598\"},{\"createdAt\":202307172138,\"nameBeforeChange\":\"Phạm Mai SơnTung1\",\"emailBeforeChange\":\"tungpmshe130687@gmail.com\",\"createdby\":\"2\",\"id\":2,\"type\":\"Update profile\",\"phoneBeforeChange\":\"0388828598\"},{\"createdAt\":202307172138,\"nameBeforeChange\":\"Phạm Mai SơnTung1\",\"emailBeforeChange\":\"tungpmshe130687@gmail.com\",\"createdby\":\"2\",\"id\":3,\"type\":\"Update profile\",\"phoneBeforeChange\":\"0388828598\"},{\"createdAt\":202307172139,\"nameBeforeChange\":\"Phạm Mai SơnTung1\",\"emailBeforeChange\":\"tungpmshe130687@gmail.com\",\"createdby\":\"2\",\"id\":4,\"type\":\"Update profile\",\"phoneBeforeChange\":\"0388828598\"},{\"createdAt\":202307180042,\"nameBeforeChange\":\"Tung Pham\",\"emailBeforeChange\":\"tungpmshe130687@gmail.com\",\"createdby\":\"2\",\"id\":5,\"type\":\"Update profile\",\"phoneBeforeChange\":\"0388828598\"},{\"createdAt\":202307180042,\"nameBeforeChange\":\"Tung Pham 02\",\"emailBeforeChange\":\"tungpmshe130687@gmail.com\",\"createdby\":\"2\",\"id\":6,\"type\":\"Update profile\",\"phoneBeforeChange\":\"0388828598\"},{\"createdAt\":202307180317,\"createdby\":\"2\",\"id\":7,\"type\":\"Change password\"},{\"createdAt\":202307180338,\"id\":8,\"type\":\"Forget password\"},{\"createdAt\":202307212218,\"id\":9,\"type\":\"Forget password\"}]'),
(3, 'pham tung', '123456', 'tungpmshe130687@gmail.com', 2, 'user2', 'Msc3WpIX/Es+Io+kr2T6NQcplQw=', 0, NULL, NULL, NULL, 202207170136, NULL, NULL, 500000, NULL),
(4, 'pham mai son tung', '03888283238', 'tungpmshe130687@gmail.com', 2, 'user3', '6NWFIsI1V5KNFeeazNcq35qxRUE=', 0, NULL, NULL, NULL, 202207170136, NULL, NULL, 500000, NULL),
(5, 'pham mai son tung', '03888283238', 'tungpmshe130687@gmail.com', 2, 'user12', '0NVPsp5iaB7hBxUhZZCpU7SJ7zE=', 0, NULL, NULL, NULL, 202302170136, NULL, NULL, 360000, NULL),
(6, 'pham mai son tung', '03888283238', 'tungpmshe130687@gmail.com', 2, 'user11', '0NVPsp5iaB7hBxUhZZCpU7SJ7zE=', 0, NULL, NULL, NULL, 202307170136, NULL, NULL, 500000, NULL),
(7, 'pham mai son tung', '03888283238', 'tungpmshe130687@gmail.com', 2, 'user14', '0NVPsp5iaB7hBxUhZZCpU7SJ7zE=', 0, NULL, NULL, NULL, 202307170136, NULL, NULL, 500000, NULL),
(8, 'pham mai son tung', '03888283238', 'tungpmshe130687@gmail.com', 2, 'user123', '0NVPsp5iaB7hBxUhZZCpU7SJ7zE=', 0, NULL, NULL, NULL, 202307170136, NULL, NULL, 500000, NULL),
(9, 'pham mai son tung111111111111111112', '03888283238', 'tungpmshe130687@gmail.com', 2, 'user5', 'D3NSjWjXX5uhVxmiXhmziBcY5qE=', 0, NULL, NULL, '9', 202307170136, 2023, NULL, 500000, NULL),
(10, 'pham mai son tung', '03888283238', 'tungpmshe130687@gmail.com', 2, 'user122', '0NVPsp5iaB7hBxUhZZCpU7SJ7zE=', 0, NULL, NULL, NULL, 202307170136, NULL, NULL, 500000, NULL),
(11, 'pham mai son tung', '03888283238', 'tungpmshe130687@gmail.com', 2, '123', '4w+toPeU7KA+Hxp1Qrt1ZA2vD30=', 0, NULL, NULL, NULL, 202307170136, NULL, NULL, 500000, NULL),
(12, 'pham mai son tung', '03888283238', 'tungpmshe130687@gmail.com', 2, 'user12221', 'CJlHD5VzqsB7h7T8nTQMPX/mIwQ=', 0, NULL, NULL, NULL, 202307170136, NULL, NULL, 500000, NULL),
(13, 'pham mai son tung', '03888283238', 'tungpmshe130687@gmail.com', 2, 'user12221', 'CJlHD5VzqsB7h7T8nTQMPX/mIwQ=', 0, NULL, NULL, NULL, 202307170136, NULL, NULL, 500000, NULL),
(14, 'pham mai son tung', '03888283238', 'tungpmshe130687@gmail.com', 2, 'user1332', 'D3NSjWjXX5uhVxmiXhmziBcY5qE=', 0, NULL, NULL, NULL, 202307170136, NULL, NULL, 500000, NULL),
(15, 'pham mai son tung', '03888283238', 'tungpmshe130687@gmail.com', 2, 'user121221', 'CJlHD5VzqsB7h7T8nTQMPX/mIwQ=', 0, NULL, NULL, NULL, 202307170136, NULL, NULL, 500000, NULL),
(16, '1', '1', 'tungpmshe130687@gmail.com', 2, 'user1222222222', '0NVPsp5iaB7hBxUhZZCpU7SJ7zE=', 0, NULL, NULL, NULL, 202307170136, NULL, NULL, 500000, NULL),
(17, 'tung', '0232321', 'tungpmshe130687@gmail.com', 2, 'sontungnd98', 'eG3T6K6vBWW5dzm1jhYwZsluomk=', 0, NULL, NULL, NULL, 202307170136, NULL, NULL, 500000, NULL),
(18, 'pham mai son tung', '03888283238', 'tungpmshe130687@gmail.com', 2, 'user112121', 'D3NSjWjXX5uhVxmiXhmziBcY5qE=', 0, NULL, NULL, NULL, 202307170136, NULL, NULL, 500000, NULL),
(19, 'pham mai son tung', '03888283238', 'tungpmshe130687@gmail.com', 2, 'user1222', 'D3NSjWjXX5uhVxmiXhmziBcY5qE=', 0, NULL, NULL, NULL, 202307170136, NULL, NULL, 500000, NULL),
(20, '1', '1', 'tungpmshe130687@gmail.com', 2, '123213', 'D3NSjWjXX5uhVxmiXhmziBcY5qE=', 0, NULL, NULL, NULL, 202307170136, NULL, NULL, 500000, NULL),
(21, '1', '1', 'tungpmshe130687@gmail.com', 2, '123213', 'D3NSjWjXX5uhVxmiXhmziBcY5qE=', 0, NULL, NULL, NULL, 202307170136, NULL, NULL, 500000, NULL),
(22, '1', '1', 'tungpmshe130687@gmail.com', 2, 'user122221', 'D3NSjWjXX5uhVxmiXhmziBcY5qE=', 0, NULL, NULL, NULL, 202307170136, NULL, NULL, 500000, NULL),
(23, 'pham mai son tung', '03888283238', 'tungpmshe130687@gmail.com', 2, 'user12215', 'CJlHD5VzqsB7h7T8nTQMPX/mIwQ=', 0, NULL, NULL, NULL, 202307170136, NULL, NULL, 500000, NULL),
(24, '1', '1', 'tungpmshe130687@gmail.com', 2, 'user16', 'CJlHD5VzqsB7h7T8nTQMPX/mIwQ=', 0, NULL, NULL, NULL, 202307170136, NULL, NULL, 500000, NULL),
(25, '1', '1', 'tungpmshe130687@gmail.com', 2, 'user12124', 'CJlHD5VzqsB7h7T8nTQMPX/mIwQ=', 0, NULL, NULL, NULL, 202307170136, NULL, NULL, 480000, NULL),
(26, '1', '1', 'tungpmshe130687@gmail.com', 2, 'user188', 'CJlHD5VzqsB7h7T8nTQMPX/mIwQ=', 0, NULL, NULL, NULL, 202307170136, NULL, NULL, 500000, NULL),
(27, 'pham mai son tung', '03888283238', 'tungpmshe130687@gmail.com', 2, 'user19', 'CJlHD5VzqsB7h7T8nTQMPX/mIwQ=', 1, NULL, NULL, NULL, 202307170136, NULL, NULL, 500000, NULL),
(28, '1', '1', 'tungpmshe130687@gmail.com', 2, 'a1', 'CJlHD5VzqsB7h7T8nTQMPX/mIwQ=', 0, NULL, NULL, NULL, 202307170136, NULL, NULL, 500000, NULL),
(29, '1112', '1332', 'tungpmshe130687@gmail.com', 2, 'user12222', 'D3NSjWjXX5uhVxmiXhmziBcY5qE=', 0, NULL, NULL, NULL, 202307170136, NULL, NULL, 500000, NULL),
(30, '1', '1', 'sontungnd98@gmail.com', 2, 'test1', 'D3NSjWjXX5uhVxmiXhmziBcY5qE=', 0, NULL, NULL, NULL, 202307170136, NULL, NULL, 0, NULL),
(31, 'tung pham 123', '03928478828', 'sontungnd98@gmail.com', 2, 'test2', 'D3NSjWjXX5uhVxmiXhmziBcY5qE=', 0, NULL, NULL, '1', 202307170136, 202307211240, NULL, 0, NULL),
(32, 'pham mai son tung', '03888283238', 'tungpmshe130687@gmail.com', 2, 'test3', 'D3NSjWjXX5uhVxmiXhmziBcY5qE=', 0, NULL, NULL, NULL, 202307170136, NULL, NULL, 100000, NULL),
(33, 'Phạm Tung', '03888283238', 'tungpmshe130687@gmail.com', 2, 'test01', 'D3NSjWjXX5uhVxmiXhmziBcY5qE=', 0, NULL, NULL, '33', 202307170136, 202307172147, NULL, 500000, '[{\"createdAt\":202307172141,\"nameBeforeChange\":\"Phạm Mai Sơn Tùng\",\"emailBeforeChange\":\"tungpmshe130687@gmail.com\",\"createdby\":\"33\",\"id\":1,\"type\":\"Update profile\",\"phoneBeforeChange\":\"03888283238\"},{\"createdAt\":202307172141,\"nameBeforeChange\":\"Phạm Mai Sơn Tùng\",\"emailBeforeChange\":\"tungpmshe130687@gmail.com\",\"createdby\":\"33\",\"id\":2,\"type\":\"Update profile\",\"phoneBeforeChange\":\"03888283238\"},{\"createdAt\":202307172141,\"createdby\":\"33\",\"id\":3,\"type\":\"Change password\"},{\"createdAt\":202307172142,\"createdby\":\"33\",\"id\":4,\"type\":\"Change password\"},{\"createdAt\":202307172142,\"createdby\":\"33\",\"id\":5,\"type\":\"Change password\"},{\"createdAt\":202307172143,\"id\":6,\"type\":\"Forget password\"},{\"createdAt\":202307172147,\"nameBeforeChange\":\"Phạm sa\",\"emailBeforeChange\":\"tungpmshe130687@gmail.com\",\"createdby\":\"33\",\"id\":7,\"type\":\"Update profile\",\"phoneBeforeChange\":\"03888283238\"}]'),
(34, '2121', '232321', 'tungpmshe130687@gmail.com', 2, 'test02', 'D3NSjWjXX5uhVxmiXhmziBcY5qE=', 1, NULL, NULL, '1', 202307170136, 202307211951, NULL, 500000, NULL),
(35, 'Phạm Mai Sơn Tùng', '03888283238', 'tungpmshe130687@gmail.com', 2, 'dsdadas', 'D3NSjWjXX5uhVxmiXhmziBcY5qE=', 0, NULL, NULL, NULL, 202307170136, NULL, NULL, 500000, NULL),
(36, 'kukunomi 2', '0333828374', 'tungpmshe130687@gmail.com', 2, 'ssx213', '3I1GA8JJGM/Nx0NM0mMn10sNoYc=', 0, NULL, NULL, '1', 202307170136, 202307260729, NULL, 500000, NULL),
(37, 'Phạm Mai Sơn Tùng', '2', 'tungpmshe130687@gmail.com', 2, 'tets123', 'D3NSjWjXX5uhVxmiXhmziBcY5qE=', 0, NULL, NULL, NULL, 202307212257, NULL, NULL, 500000, NULL),
(39, 'Trần Anh Tuấn', '01646456465', 'tungpmshe130687@gmail.com', 2, 'testt01', 'D3NSjWjXX5uhVxmiXhmziBcY5qE=', 0, NULL, NULL, NULL, 202307260745, NULL, NULL, 360000, NULL);

--
-- Chỉ mục cho các bảng đã đổ
--

--
-- Chỉ mục cho bảng `order`
--
ALTER TABLE `order`
  ADD PRIMARY KEY (`id`),
  ADD KEY `product` (`product`),
  ADD KEY `user` (`user`);

--
-- Chỉ mục cho bảng `product`
--
ALTER TABLE `product`
  ADD PRIMARY KEY (`id`);

--
-- Chỉ mục cho bảng `storage`
--
ALTER TABLE `storage`
  ADD PRIMARY KEY (`id`),
  ADD KEY `product` (`product`);

--
-- Chỉ mục cho bảng `transaction`
--
ALTER TABLE `transaction`
  ADD PRIMARY KEY (`id`),
  ADD KEY `order` (`order`),
  ADD KEY `user` (`user`);

--
-- Chỉ mục cho bảng `user`
--
ALTER TABLE `user`
  ADD PRIMARY KEY (`id`);

--
-- AUTO_INCREMENT cho các bảng đã đổ
--

--
-- AUTO_INCREMENT cho bảng `order`
--
ALTER TABLE `order`
  MODIFY `id` int(11) NOT NULL AUTO_INCREMENT, AUTO_INCREMENT=496;

--
-- AUTO_INCREMENT cho bảng `product`
--
ALTER TABLE `product`
  MODIFY `id` int(11) NOT NULL AUTO_INCREMENT, AUTO_INCREMENT=56;

--
-- AUTO_INCREMENT cho bảng `storage`
--
ALTER TABLE `storage`
  MODIFY `id` int(11) NOT NULL AUTO_INCREMENT, AUTO_INCREMENT=1428;

--
-- AUTO_INCREMENT cho bảng `transaction`
--
ALTER TABLE `transaction`
  MODIFY `id` int(11) NOT NULL AUTO_INCREMENT, AUTO_INCREMENT=752;

--
-- AUTO_INCREMENT cho bảng `user`
--
ALTER TABLE `user`
  MODIFY `id` int(11) NOT NULL AUTO_INCREMENT, AUTO_INCREMENT=40;

--
-- Các ràng buộc cho các bảng đã đổ
--

--
-- Các ràng buộc cho bảng `order`
--
ALTER TABLE `order`
  ADD CONSTRAINT `order_ibfk_1` FOREIGN KEY (`product`) REFERENCES `product` (`id`),
  ADD CONSTRAINT `order_ibfk_2` FOREIGN KEY (`user`) REFERENCES `user` (`id`);

--
-- Các ràng buộc cho bảng `storage`
--
ALTER TABLE `storage`
  ADD CONSTRAINT `storage_ibfk_1` FOREIGN KEY (`product`) REFERENCES `product` (`id`);

--
-- Các ràng buộc cho bảng `transaction`
--
ALTER TABLE `transaction`
  ADD CONSTRAINT `transaction_ibfk_1` FOREIGN KEY (`order`) REFERENCES `order` (`id`),
  ADD CONSTRAINT `transaction_ibfk_2` FOREIGN KEY (`user`) REFERENCES `user` (`id`);
COMMIT;

/*!40101 SET CHARACTER_SET_CLIENT=@OLD_CHARACTER_SET_CLIENT */;
/*!40101 SET CHARACTER_SET_RESULTS=@OLD_CHARACTER_SET_RESULTS */;
/*!40101 SET COLLATION_CONNECTION=@OLD_COLLATION_CONNECTION */;
